itin_validatingcarrier,OBL_originairportcode,OBL_destinationairportcode,OBL_flightNumber,OBL_departdate,OBL_departtime,OBL_arrivedate,OBL_arrivetime,IBL_originairportcode,IBL_destinationairportcode,IBL_flightnumber,IBL_departdate,IBL_departtime,IBL_arrivedate,IBL_arrivetime,itin_cabin,itin_bookingcode,itin_totalamount,taxbreakdown,yq_val,yr_val,itin_true_tax_amount
"UA","EWR","NRT","79","20250911","1125","20250912","1430","NRT","EWR","78","20250918","1715","20250918","1650","E","L","1439.51","USD:AY 5.60|US 45.80|XA 3.71|XF 4.50|XY 7.00|YC 7.20|OI 4.80|SW 17.00|TK 6.90|YQ 380.00","380.0","0.0","102.50999999999999"
"B6","EWR","TPA","873","20250801","1452","20250801","1750","TPA","JFK","226","20250804","1440","20250804","1729","E","L","302.96","USD:AY 11.20|US 19.00|XF 9.00|ZP 10.40","0.0","0.0","49.6"
"AC","EWR","YYZ","3097","20250524","1203","20250524","1347","YYZ","EWR","4096","20250528","1500","20250528","1648","E","G","209.89","USD:AY 5.60|US 9.00|XA 3.71|XF 4.50|XY 7.00|YC 7.20|CA 12.20|SQ 26.80|ZP 10.40|RC 3.48","0.0","0.0","89.89"
"AC","LGA","YYZ","703","20250524","725","20250524","907","YYZ","EWR","3071","20250528","2000","20250528","2148","E","G","274.39","USD:AY 5.60|US 13.50|XA 3.71|XF 4.50|XY 7.00|YC 7.20|CA 12.20|SQ 26.80|ZP 10.40|RC 3.48","0.0","0.0","94.39"
"AC","EWR","YYZ","1399","20250524","1955","20250524","2145","YYZ","EWR","4096","20250528","1500","20250528","1648","E","G","285.14","USD:AY 5.60|US 14.25|XA 3.71|XF 4.50|XY 7.00|YC 7.20|CA 12.20|SQ 26.80|ZP 10.40|RC 3.48","0.0","0.0","95.14"
"AC","EWR","YYZ","3258","20250524","1704","20250524","1900","YYZ","EWR","3712","20250528","1800","20250528","1948","E","G","285.14","USD:AY 5.60|US 14.25|XA 3.71|XF 4.50|XY 7.00|YC 7.20|CA 12.20|SQ 26.80|ZP 10.40|RC 3.48","0.0","0.0","95.14"
"AC","EWR","YYZ","1399","20250524","1955","20250524","2145","YYZ","EWR","3283","20250528","1045","20250528","1223","E","G","285.14","USD:AY 5.60|US 14.25|XA 3.71|XF 4.50|XY 7.00|YC 7.20|CA 12.20|SQ 26.80|ZP 10.40|RC 3.48","0.0","0.0","95.14"
"TS","EWR","YTZ","7125","20250524","750","20250524","930","YTZ","EWR","7442","20250528","1500","20250528","1630","E","Q","287.19","USD:AY 5.60|US 14.85|XA 3.71|XF 4.50|XY 7.00|YC 7.20|CA 12.20|SQ 21.00|ZP 10.40|RC 2.73","0.0","0.0","89.19"
"AC","LGA","YYZ","8997","20250524","1945","20250524","2127","YYZ","EWR","4096","20250528","1500","20250528","1648","E","K","288.37","USD:AY 5.60|US 14.48|XA 3.71|XF 4.50|XY 7.00|YC 7.20|CA 12.20|SQ 26.80|ZP 10.40|RC 3.48","0.0","0.0","95.37"
"AC","LGA","YYZ","707","20250524","1030","20250524","1212","YYZ","EWR","3712","20250528","1800","20250528","1948","E","L","305.57","USD:AY 5.60|US 15.68|XA 3.71|XF 4.50|XY 7.00|YC 7.20|CA 12.20|SQ 26.80|ZP 10.40|RC 3.48","0.0","0.0","96.57"
"AC","EWR","YYZ","3747","20250524","956","20250524","1144","YYZ","JFK","8552","20250528","755","20250528","939","E","T","318.47","USD:AY 5.60|US 16.58|XA 3.71|XF 4.50|XY 7.00|YC 7.20|CA 12.20|SQ 26.80|ZP 10.40|RC 3.48","0.0","0.0","97.47"
"UA","LGA","YYZ","8227","20250524","600","20250524","740","YYZ","EWR","8660","20250528","1355","20250528","1530","E","T","350.72","USD:AY 5.60|US 18.83|XA 3.71|XF 4.50|XY 7.00|YC 7.20|CA 12.20|SQ 26.80|ZP 10.40|RC 3.48","0.0","0.0","99.72"
"UA","JFK","YYZ","6607","20250524","655","20250524","841","YYZ","LGA","8422","20250528","1420","20250528","1556","E","T","355.02","USD:AY 5.60|US 19.13|XA 3.71|XF 4.50|XY 7.00|YC 7.20|CA 12.20|SQ 26.80|ZP 10.40|RC 3.48","0.0","0.0","100.02"
"AC","LGA","YYZ","707","20250524","1030","20250524","1212","YYZ","LGA","706","20250528","1420","20250528","1556","E","L","370.07","USD:AY 5.60|US 20.18|XA 3.71|XF 4.50|XY 7.00|YC 7.20|CA 12.20|SQ 26.80|ZP 10.40|RC 3.48","0.0","0.0","101.07"
"UA","EWR","YYZ","3702","20250524","737","20250524","919","YYZ","EWR","3711","20250528","2000","20250528","2148","E","L","406.62","USD:AY 5.60|US 22.73|XA 3.71|XF 4.50|XY 7.00|YC 7.20|CA 12.20|SQ 26.80|ZP 10.40|RC 3.48","0.0","0.0","103.62"
"UA","EWR","YYZ","8436","20250524","1355","20250524","1538","YYZ","EWR","3648","20250528","1045","20250528","1223","E","L","406.62","USD:AY 5.60|US 22.73|XA 3.71|XF 4.50|XY 7.00|YC 7.20|CA 12.20|SQ 26.80|ZP 10.40|RC 3.48","0.0","0.0","103.62"
"UA","EWR","YYZ","8432","20250524","1630","20250524","1809","YYZ","JFK","6632","20250528","1320","20250528","1500","E","L","410.92","USD:AY 5.60|US 23.03|XA 3.71|XF 4.50|XY 7.00|YC 7.20|CA 12.20|SQ 26.80|ZP 10.40|RC 3.48","0.0","0.0","103.92"
"UA","LGA","YYZ","8227","20250524","600","20250524","740","YYZ","LGA","8542","20250528","750","20250528","926","E","T","430.27","USD:AY 5.60|US 24.38|XA 3.71|XF 4.50|XY 7.00|YC 7.20|CA 12.20|SQ 26.80|ZP 10.40|RC 3.48","0.0","0.0","105.27"
"AC","JFK","YYZ","8553","20250524","1030","20250524","1215","YYZ","LGA","8996","20250528","1825","20250528","1959","E","Q","463.59","USD:AY 5.60|US 26.70|XA 3.71|XF 4.50|XY 7.00|YC 7.20|CA 12.20|SQ 26.80|ZP 10.40|RC 3.48","0.0","0.0","107.59"
"UA","JFK","YYZ","6633","20250524","1030","20250524","1215","YYZ","EWR","8664","20250528","1130","20250528","1309","E","Q","716.22","USD:AY 5.60|US 44.33|XA 3.71|XF 4.50|XY 7.00|YC 7.20|CA 12.20|SQ 26.80|ZP 10.40|RC 3.48","0.0","0.0","125.22"
"TS","EWR","YTZ","7125","20250526","750","20250526","930","YTZ","EWR","7474","20250602","1930","20250602","2100","E","Q","233.44","USD:AY 5.60|US 11.10|XA 3.71|XF 4.50|XY 7.00|YC 7.20|CA 12.20|SQ 21.00|ZP 10.40|RC 2.73","0.0","0.0","85.44"
"AA","LGA","YYZ","4347","20250526","813","20250526","953","YYZ","JFK","4552","20250602","1055","20250602","1239","E","O","257.19","USD:AY 5.60|US 12.30|XA 3.71|XF 4.50|XY 7.00|YC 7.20|CA 12.20|SQ 26.80|ZP 10.40|RC 3.48","0.0","0.0","93.19"
"UA","EWR","YYZ","3555","20250526","956","20250526","1144","YYZ","LGA","8230","20250602","1655","20250602","1831","E","G","269.02","USD:AY 5.60|US 13.13|XA 3.71|XF 4.50|XY 7.00|YC 7.20|CA 12.20|SQ 26.80|ZP 10.40|RC 3.48","0.0","0.0","94.02"
"UA","LGA","YYZ","8229","20250526","725","20250526","907","YYZ","EWR","3705","20250602","1500","20250602","1648","E","G","269.02","USD:AY 5.60|US 13.13|XA 3.71|XF 4.50|XY 7.00|YC 7.20|CA 12.20|SQ 26.80|ZP 10.40|RC 3.48","0.0","0.0","94.02"
"UA","EWR","YYZ","8429","20250526","1955","20250526","2145","YYZ","EWR","3711","20250602","2000","20250602","2148","E","G","274.39","USD:AY 5.60|US 13.50|XA 3.71|XF 4.50|XY 7.00|YC 7.20|CA 12.20|SQ 26.80|ZP 10.40|RC 3.48","0.0","0.0","94.39"
"TS","EWR","YTZ","7357","20250526","650","20250526","830","YTZ","EWR","7360","20250602","745","20250602","915","E","Q","287.19","USD:AY 5.60|US 14.85|XA 3.71|XF 4.50|XY 7.00|YC 7.20|CA 12.20|SQ 21.00|ZP 10.40|RC 2.73","0.0","0.0","89.19"
"UA","LGA","YYZ","8229","20250526","725","20250526","907","YYZ","JFK","6632","20250602","1320","20250602","1500","E","G","316.32","USD:AY 5.60|US 16.43|XA 3.71|XF 4.50|XY 7.00|YC 7.20|CA 12.20|SQ 26.80|ZP 10.40|RC 3.48","0.0","0.0","97.32"
"UA","LGA","YYZ","8469","20250526","830","20250526","1010","YYZ","EWR","8714","20250602","630","20250602","808","E","G","344.27","USD:AY 5.60|US 18.38|XA 3.71|XF 4.50|XY 7.00|YC 7.20|CA 12.20|SQ 26.80|ZP 10.40|RC 3.48","0.0","0.0","99.27"
"UA","LGA","YYZ","8229","20250526","725","20250526","907","YYZ","EWR","3705","20250602","1500","20250602","1648","E","G","344.27","USD:AY 5.60|US 18.38|XA 3.71|XF 4.50|XY 7.00|YC 7.20|CA 12.20|SQ 26.80|ZP 10.40|RC 3.48","0.0","0.0","99.27"
"UA","EWR","YYZ","3555","20250526","956","20250526","1144","YYZ","LGA","8230","20250602","1655","20250602","1831","E","G","344.27","USD:AY 5.60|US 18.38|XA 3.71|XF 4.50|XY 7.00|YC 7.20|CA 12.20|SQ 26.80|ZP 10.40|RC 3.48","0.0","0.0","99.27"
"AA","LGA","YYZ","4623","20250526","1030","20250526","1210","YYZ","LGA","4623","20250602","1259","20250602","1434","E","Q","371.14","USD:AY 5.60|US 20.25|XA 3.71|XF 4.50|XY 7.00|YC 7.20|CA 12.20|SQ 26.80|ZP 10.40|RC 3.48","0.0","0.0","101.14"
"TS","LGA","YYZ","7210","20250527","955","20250527","1135","YYZ","LGA","7209","20250529","1450","20250529","1630","E","Q","218.49","USD:AY 5.60|US 9.60|XA 3.71|XF 4.50|XY 7.00|YC 7.20|CA 12.20|SQ 26.80|ZP 10.40|RC 3.48","0.0","0.0","90.49"
"UA","EWR","YYZ","8505","20250527","630","20250527","816","YYZ","EWR","3648","20250529","1045","20250529","1223","E","G","264.72","USD:AY 5.60|US 12.83|XA 3.71|XF 4.50|XY 7.00|YC 7.20|CA 12.20|SQ 26.80|ZP 10.40|RC 3.48","0.0","0.0","93.72"
"UA","LGA","YYZ","8469","20250527","830","20250527","1010","YYZ","JFK","6608","20250529","755","20250529","939","E","G","338.89","USD:AY 5.60|US 18.00|XA 3.71|XF 4.50|XY 7.00|YC 7.20|CA 12.20|SQ 26.80|ZP 10.40|RC 3.48","0.0","0.0","98.89"
"UA","LGA","YYZ","8469","20250527","830","20250527","1010","YYZ","LGA","8236","20250529","1825","20250529","1959","E","G","338.89","USD:AY 5.60|US 18.00|XA 3.71|XF 4.50|XY 7.00|YC 7.20|CA 12.20|SQ 26.80|ZP 10.40|RC 3.48","0.0","0.0","98.89"
"UA","LGA","YYZ","8449","20250527","1420","20250527","1602","YYZ","EWR","8664","20250529","1130","20250529","1309","E","G","392.64","USD:AY 5.60|US 21.75|XA 3.71|XF 4.50|XY 7.00|YC 7.20|CA 12.20|SQ 26.80|ZP 10.40|RC 3.48","0.0","0.0","102.64"
"AC","LGA","YYZ","703","20250531","725","20250531","907","YYZ","LGA","8540","20250605","750","20250605","926","E","G","188.39","USD:AY 5.60|US 7.50|XA 3.71|XF 4.50|XY 7.00|YC 7.20|CA 12.20|SQ 26.80|ZP 10.40|RC 3.48","0.0","0.0","88.39"
"TS","LGA","YYZ","7208","20250531","615","20250531","755","YYZ","LGA","7209","20250605","1450","20250605","1630","E","Q","272.24","USD:AY 5.60|US 13.35|XA 3.71|XF 4.50|XY 7.00|YC 7.20|CA 12.20|SQ 26.80|ZP 10.40|RC 3.48","0.0","0.0","94.24"
"AC","LGA","YYZ","703","20250531","725","20250531","907","YYZ","EWR","3489","20250605","730","20250605","904","E","G","274.39","USD:AY 5.60|US 13.50|XA 3.71|XF 4.50|XY 7.00|YC 7.20|CA 12.20|SQ 26.80|ZP 10.40|RC 3.48","0.0","0.0","94.39"
"AC","JFK","YYZ","8551","20250525","655","20250525","841","YYZ","EWR","8872","20250529","630","20250529","809","E","K","273.32","USD:AY 5.60|US 13.43|XA 3.71|XF 4.50|XY 7.00|YC 7.20|CA 12.20|SQ 26.80|ZP 10.40|RC 3.48","0.0","0.0","94.32"
"AC","LGA","YYZ","701","20250525","600","20250525","740","YYZ","EWR","1392","20250529","835","20250529","1013","E","G","274.39","USD:AY 5.60|US 13.50|XA 3.71|XF 4.50|XY 7.00|YC 7.20|CA 12.20|SQ 26.80|ZP 10.40|RC 3.48","0.0","0.0","94.39"
"B6","JFK","GEO","1915","20250826","629","20250826","1204","GEO","JFK","1966","20250909","2315","20250910","500","E","M","671.41","USD:AY 5.60|US 45.80|XA 3.71|XF 4.50|XY 7.00|YC 7.20|I1 20.40|I4 16.60|WE 30.60","0.0","0.0","141.41"
"AC","JFK","YYZ","8551","20250521","655","20250521","841","YYZ","JFK","8556","20250523","2055","20250523","2245","E","G","188.39","USD:AY 5.60|US 7.50|XA 3.71|XF 4.50|XY 7.00|YC 7.20|CA 12.20|SQ 26.80|ZP 10.40|RC 3.48","0.0","0.0","88.39"
"UA","EWR","YYZ","3553","20250521","731","20250521","919","YYZ","EWR","8656","20250523","835","20250523","1013","E","G","312.02","USD:AY 5.60|US 16.13|XA 3.71|XF 4.50|XY 7.00|YC 7.20|CA 12.20|SQ 26.80|ZP 10.40|RC 3.48","0.0","0.0","97.02"
"AC","EWR","YYZ","8881","20250521","1630","20250521","1809","YYZ","LGA","700","20250523","615","20250523","745","E","T","393.72","USD:AY 5.60|US 21.83|XA 3.71|XF 4.50|XY 7.00|YC 7.20|CA 12.20|SQ 26.80|ZP 10.40|RC 3.48","0.0","0.0","102.72"
"TS","EWR","YTZ","7359","20250520","855","20250520","1035","YTZ","EWR","7442","20250522","1500","20250522","1630","E","W","371.04","USD:AY 5.60|US 20.70|XA 3.71|XF 4.50|XY 7.00|YC 7.20|CA 12.20|SQ 21.00|ZP 10.40|RC 2.73","0.0","0.0","95.04"
"UA","LGA","YYZ","8469","20250520","830","20250520","1010","YYZ","EWR","3711","20250522","2000","20250522","2148","E","T","387.27","USD:AY 5.60|US 21.38|XA 3.71|XF 4.50|XY 7.00|YC 7.20|CA 12.20|SQ 26.80|ZP 10.40|RC 3.48","0.0","0.0","102.27"
"UA","LGA","YYZ","8024","20250520","2045","20250520","2227","YYZ","LGA","8238","20250522","1915","20250522","2051","E","T","392.64","USD:AY 5.60|US 21.75|XA 3.71|XF 4.50|XY 7.00|YC 7.20|CA 12.20|SQ 26.80|ZP 10.40|RC 3.48","0.0","0.0","102.64"
"UA","EWR","YYZ","8505","20250520","630","20250520","816","YYZ","EWR","8664","20250522","1130","20250522","1309","E","L","443.17","USD:AY 5.60|US 25.28|XA 3.71|XF 4.50|XY 7.00|YC 7.20|CA 12.20|SQ 26.80|ZP 10.40|RC 3.48","0.0","0.0","106.17"
"UA","LGA","YYZ","8449","20250520","1420","20250520","1602","YYZ","LGA","8422","20250522","1420","20250522","1556","E","T","467.89","USD:AY 5.60|US 27.00|XA 3.71|XF 4.50|XY 7.00|YC 7.20|CA 12.20|SQ 26.80|ZP 10.40|RC 3.48","0.0","0.0","107.89"
"UA","LGA","YYZ","8233","20250520","1645","20250520","1825","YYZ","LGA","8542","20250522","750","20250522","926","E","W","477.57","USD:AY 5.60|US 27.68|XA 3.71|XF 4.50|XY 7.00|YC 7.20|CA 12.20|SQ 26.80|ZP 10.40|RC 3.48","0.0","0.0","108.57"
"UA","EWR","YYZ","3557","20250520","1655","20250520","1900","YYZ","LGA","8146","20250522","2100","20250522","2236","E","W","478.64","USD:AY 5.60|US 27.75|XA 3.71|XF 4.50|XY 7.00|YC 7.20|CA 12.20|SQ 26.80|ZP 10.40|RC 3.48","0.0","0.0","108.64"
"AA","JFK","YYZ","4558","20250520","2110","20250520","2300","YYZ","JFK","4552","20250522","1055","20250522","1239","E","L","533.47","USD:AY 5.60|US 31.58|XA 3.71|XF 4.50|XY 7.00|YC 7.20|CA 12.20|SQ 26.80|ZP 10.40|RC 3.48","0.0","0.0","112.47"
"AS","JFK","LHR","5258","20250513","1845","20250514","650","LHR","JFK","6907","20250528","1700","20250528","1955","E","M","1223.31","USD:AY 5.60|US 45.80|XA 3.71|XF 4.50|XY 7.00|YC 7.20|GB 119.70|UB 68.80","0.0","0.0","262.31"
"EI","EWR","LHR","8888","20250513","2125","20250514","930","LHR","JFK","8875","20250528","1000","20250528","1245","E","M","1921.31","USD:AY 5.60|US 45.80|XA 3.71|XF 4.50|XY 7.00|YC 7.20|GB 119.70|UB 68.80|YQ 385.00","385.0","0.0","262.30999999999995"
"UA","LGA","YYZ","8231","20250531","1140","20250531","1320","YYZ","LGA","8572","20250602","615","20250602","750","E","G","263.64","USD:AY 5.60|US 12.75|XA 3.71|XF 4.50|XY 7.00|YC 7.20|CA 12.20|SQ 26.80|ZP 10.40|RC 3.48","0.0","0.0","93.64"
"UA","LGA","YYZ","8024","20250531","2045","20250531","2227","YYZ","LGA","8542","20250602","750","20250602","926","E","G","263.64","USD:AY 5.60|US 12.75|XA 3.71|XF 4.50|XY 7.00|YC 7.20|CA 12.20|SQ 26.80|ZP 10.40|RC 3.48","0.0","0.0","93.64"
"UA","EWR","YYZ","8430","20250531","1100","20250531","1246","YYZ","LGA","8230","20250602","1655","20250602","1831","E","G","269.02","USD:AY 5.60|US 13.13|XA 3.71|XF 4.50|XY 7.00|YC 7.20|CA 12.20|SQ 26.80|ZP 10.40|RC 3.48","0.0","0.0","94.02"
"UA","EWR","YYZ","8432","20250531","1630","20250531","1815","YYZ","LGA","8542","20250602","750","20250602","926","E","G","269.02","USD:AY 5.60|US 13.13|XA 3.71|XF 4.50|XY 7.00|YC 7.20|CA 12.20|SQ 26.80|ZP 10.40|RC 3.48","0.0","0.0","94.02"
"UA","EWR","YYZ","8436","20250531","1355","20250531","1538","YYZ","LGA","8542","20250602","750","20250602","926","E","G","269.02","USD:AY 5.60|US 13.13|XA 3.71|XF 4.50|XY 7.00|YC 7.20|CA 12.20|SQ 26.80|ZP 10.40|RC 3.48","0.0","0.0","94.02"
"UA","EWR","YYZ","3555","20250531","956","20250531","1144","YYZ","LGA","8146","20250602","2100","20250602","2236","E","G","269.02","USD:AY 5.60|US 13.13|XA 3.71|XF 4.50|XY 7.00|YC 7.20|CA 12.20|SQ 26.80|ZP 10.40|RC 3.48","0.0","0.0","94.02"
"TS","EWR","YTZ","7362","20250531","1200","20250531","1340","YTZ","EWR","7474","20250602","1930","20250602","2100","E","Q","287.19","USD:AY 5.60|US 14.85|XA 3.71|XF 4.50|XY 7.00|YC 7.20|CA 12.20|SQ 21.00|ZP 10.40|RC 2.73","0.0","0.0","89.19"
"AA","JFK","YYZ","4552","20250531","815","20250531","1015","YYZ","LGA","4556","20250602","1515","20250602","1650","E","O","333.52","USD:AY 5.60|US 17.63|XA 3.71|XF 4.50|XY 7.00|YC 7.20|CA 12.20|SQ 26.80|ZP 10.40|RC 3.48","0.0","0.0","98.52"
"UA","LGA","YYZ","8239","20250531","1945","20250531","2127","YYZ","LGA","8238","20250602","1925","20250602","2059","E","G","338.89","USD:AY 5.60|US 18.00|XA 3.71|XF 4.50|XY 7.00|YC 7.20|CA 12.20|SQ 26.80|ZP 10.40|RC 3.48","0.0","0.0","98.89"
"UA","LGA","YYZ","8573","20250531","1030","20250531","1212","YYZ","LGA","8230","20250602","1655","20250602","1831","E","G","338.89","USD:AY 5.60|US 18.00|XA 3.71|XF 4.50|XY 7.00|YC 7.20|CA 12.20|SQ 26.80|ZP 10.40|RC 3.48","0.0","0.0","98.89"
"UA","EWR","YYZ","3555","20250531","956","20250531","1144","YYZ","LGA","8542","20250602","750","20250602","926","E","G","344.27","USD:AY 5.60|US 18.38|XA 3.71|XF 4.50|XY 7.00|YC 7.20|CA 12.20|SQ 26.80|ZP 10.40|RC 3.48","0.0","0.0","99.27"
"UA","EWR","YYZ","3555","20250531","956","20250531","1144","YYZ","LGA","8146","20250602","2100","20250602","2236","E","G","344.27","USD:AY 5.60|US 18.38|XA 3.71|XF 4.50|XY 7.00|YC 7.20|CA 12.20|SQ 26.80|ZP 10.40|RC 3.48","0.0","0.0","99.27"
"UA","EWR","YYZ","8432","20250531","1630","20250531","1815","YYZ","LGA","8542","20250602","750","20250602","926","E","G","344.27","USD:AY 5.60|US 18.38|XA 3.71|XF 4.50|XY 7.00|YC 7.20|CA 12.20|SQ 26.80|ZP 10.40|RC 3.48","0.0","0.0","99.27"
"UA","EWR","YYZ","8436","20250531","1355","20250531","1538","YYZ","LGA","8542","20250602","750","20250602","926","E","G","344.27","USD:AY 5.60|US 18.38|XA 3.71|XF 4.50|XY 7.00|YC 7.20|CA 12.20|SQ 26.80|ZP 10.40|RC 3.48","0.0","0.0","99.27"
"UA","EWR","YYZ","8430","20250531","1100","20250531","1246","YYZ","EWR","3460","20250602","1800","20250602","1948","E","G","349.64","USD:AY 5.60|US 18.75|XA 3.71|XF 4.50|XY 7.00|YC 7.20|CA 12.20|SQ 26.80|ZP 10.40|RC 3.48","0.0","0.0","99.64"
"LH","EWR","LHR","7630","20250506","2140","20250507","1010","LHR","EWR","7813","20250509","1800","20250509","2110","B","P","5214.91","USD:AY 5.60|US 45.80|XA 3.71|XF 4.50|XY 7.00|YC 7.20|GB 287.30|UB 68.80|YQ 2080.00|YR 25.00","2080.0","25.0","429.90999999999985"
"TK","EWR","IST","30","20250607","30","20250607","1715","IST","JFK","111","20250621","50","20250621","430","E","W","1357.81","USD:AY 5.60|US 45.80|XA 3.71|XF 4.50|XY 7.00|YC 7.20|M6 3.40|TR 22.60|YQ 24.00|YR 320.00","24.0","320.0","99.81"
"AC","EWR","YYZ","3258","20250527","1704","20250527","1900","YYZ","JFK","8552","20250603","755","20250603","939","E","G","199.14","USD:AY 5.60|US 8.25|XA 3.71|XF 4.50|XY 7.00|YC 7.20|CA 12.20|SQ 26.80|ZP 10.40|RC 3.48","0.0","0.0","89.14"
"AC","EWR","YYZ","1395","20250527","1100","20250527","1246","YYZ","LGA","8990","20250603","1325","20250603","1459","E","G","199.14","USD:AY 5.60|US 8.25|XA 3.71|XF 4.50|XY 7.00|YC 7.20|CA 12.20|SQ 26.80|ZP 10.40|RC 3.48","0.0","0.0","89.14"
"UA","LGA","YYZ","8239","20250527","1945","20250527","2127","YYZ","EWR","8266","20250603","2110","20250603","2249","E","G","259.34","USD:AY 5.60|US 12.45|XA 3.71|XF 4.50|XY 7.00|YC 7.20|CA 12.20|SQ 26.80|ZP 10.40|RC 3.48","0.0","0.0","93.34"
"UA","LGA","YYZ","8403","20250527","1550","20250527","1732","YYZ","EWR","3460","20250603","1800","20250603","1948","E","G","259.34","USD:AY 5.60|US 12.45|XA 3.71|XF 4.50|XY 7.00|YC 7.20|CA 12.20|SQ 26.80|ZP 10.40|RC 3.48","0.0","0.0","93.34"
"UA","LGA","YYZ","8233","20250527","1645","20250527","1825","YYZ","EWR","3435","20250603","730","20250603","904","E","G","259.34","USD:AY 5.60|US 12.45|XA 3.71|XF 4.50|XY 7.00|YC 7.20|CA 12.20|SQ 26.80|ZP 10.40|RC 3.48","0.0","0.0","93.34"
"UA","LGA","YYZ","8229","20250527","725","20250527","907","YYZ","JFK","6632","20250603","1320","20250603","1500","E","G","263.64","USD:AY 5.60|US 12.75|XA 3.71|XF 4.50|XY 7.00|YC 7.20|CA 12.20|SQ 26.80|ZP 10.40|RC 3.48","0.0","0.0","93.64"
"AC","LGA","YYZ","707","20250527","1030","20250527","1212","YYZ","JFK","8554","20250603","1320","20250603","1500","E","G","263.64","USD:AY 5.60|US 12.75|XA 3.71|XF 4.50|XY 7.00|YC 7.20|CA 12.20|SQ 26.80|ZP 10.40|RC 3.48","0.0","0.0","93.64"
"AC","LGA","YYZ","8997","20250527","1945","20250527","2127","YYZ","JFK","8552","20250603","755","20250603","939","E","G","263.64","USD:AY 5.60|US 12.75|XA 3.71|XF 4.50|XY 7.00|YC 7.20|CA 12.20|SQ 26.80|ZP 10.40|RC 3.48","0.0","0.0","93.64"
"AC","LGA","YYZ","8995","20250527","1910","20250527","2052","YYZ","JFK","8556","20250603","2055","20250603","2245","E","G","263.64","USD:AY 5.60|US 12.75|XA 3.71|XF 4.50|XY 7.00|YC 7.20|CA 12.20|SQ 26.80|ZP 10.40|RC 3.48","0.0","0.0","93.64"
"UA","LGA","YYZ","8469","20250527","830","20250527","1010","YYZ","LGA","8572","20250603","615","20250603","750","E","G","263.64","USD:AY 5.60|US 12.75|XA 3.71|XF 4.50|XY 7.00|YC 7.20|CA 12.20|SQ 26.80|ZP 10.40|RC 3.48","0.0","0.0","93.64"
"UA","LGA","YYZ","8227","20250527","600","20250527","740","YYZ","LGA","8680","20250603","1155","20250603","1329","E","G","263.64","USD:AY 5.60|US 12.75|XA 3.71|XF 4.50|XY 7.00|YC 7.20|CA 12.20|SQ 26.80|ZP 10.40|RC 3.48","0.0","0.0","93.64"
"AC","LGA","YYZ","8995","20250527","1910","20250527","2052","YYZ","EWR","8874","20250603","835","20250603","1014","E","G","274.39","USD:AY 5.60|US 13.50|XA 3.71|XF 4.50|XY 7.00|YC 7.20|CA 12.20|SQ 26.80|ZP 10.40|RC 3.48","0.0","0.0","94.39"
"AC","EWR","YYZ","8875","20250527","900","20250527","1043","YYZ","JFK","8556","20250603","2055","20250603","2245","E","K","279.77","USD:AY 5.60|US 13.88|XA 3.71|XF 4.50|XY 7.00|YC 7.20|CA 12.20|SQ 26.80|ZP 10.40|RC 3.48","0.0","0.0","94.77"
"AC","EWR","YYZ","3097","20250527","1203","20250527","1347","YYZ","EWR","3071","20250603","2000","20250603","2148","E","G","285.14","USD:AY 5.60|US 14.25|XA 3.71|XF 4.50|XY 7.00|YC 7.20|CA 12.20|SQ 26.80|ZP 10.40|RC 3.48","0.0","0.0","95.14"
"UA","EWR","YYZ","8119","20250527","1830","20250527","2017","YYZ","JFK","6634","20250603","2055","20250603","2245","E","G","334.59","USD:AY 5.60|US 17.70|XA 3.71|XF 4.50|XY 7.00|YC 7.20|CA 12.20|SQ 26.80|ZP 10.40|RC 3.48","0.0","0.0","98.59"
"UA","EWR","YYZ","3400","20250527","1203","20250527","1347","YYZ","LGA","8146","20250603","2100","20250603","2236","E","G","334.59","USD:AY 5.60|US 17.70|XA 3.71|XF 4.50|XY 7.00|YC 7.20|CA 12.20|SQ 26.80|ZP 10.40|RC 3.48","0.0","0.0","98.59"
"UA","LGA","YYZ","8449","20250527","1420","20250527","1602","YYZ","EWR","8621","20250603","1600","20250603","1739","E","G","334.59","USD:AY 5.60|US 17.70|XA 3.71|XF 4.50|XY 7.00|YC 7.20|CA 12.20|SQ 26.80|ZP 10.40|RC 3.48","0.0","0.0","98.59"
"UA","LGA","YYZ","8233","20250527","1645","20250527","1825","YYZ","JFK","6634","20250603","2055","20250603","2245","E","G","338.89","USD:AY 5.60|US 18.00|XA 3.71|XF 4.50|XY 7.00|YC 7.20|CA 12.20|SQ 26.80|ZP 10.40|RC 3.48","0.0","0.0","98.89"
"UA","JFK","YYZ","6633","20250527","1030","20250527","1215","YYZ","EWR","8202","20250603","1730","20250603","1908","E","K","387.27","USD:AY 5.60|US 21.38|XA 3.71|XF 4.50|XY 7.00|YC 7.20|CA 12.20|SQ 26.80|ZP 10.40|RC 3.48","0.0","0.0","102.27"
"UA","EWR","YYZ","3555","20250527","956","20250527","1144","YYZ","LGA","8226","20250603","915","20250603","1051","E","K","392.64","USD:AY 5.60|US 21.75|XA 3.71|XF 4.50|XY 7.00|YC 7.20|CA 12.20|SQ 26.80|ZP 10.40|RC 3.48","0.0","0.0","102.64"
"LY","JFK","TLV","4","20250831","1030","20250901","350","TLV","JFK","7","20250907","1015","20250907","1505","B","J","6073.49","USD:AP 8.00|AY 5.60|US 45.80|XA 3.71|XF 4.50|XY 7.00|YC 7.20|IL 29.68","0.0","0.0","111.49"
"B6","JFK","TLV","6460","20250831","230","20250831","1950","TLV","JFK","6451","20250907","100","20250907","550","B","I","7397.49","USD:AY 5.60|US 45.80|XA 3.71|XF 4.50|XY 7.00|YC 7.20|IL 29.68","0.0","0.0","103.49"
"B6","JFK","TLV","6460","20250831","230","20250831","1950","TLV","EWR","6483","20250907","30","20250907","515","B","I","7397.49","USD:AY 5.60|US 45.80|XA 3.71|XF 4.50|XY 7.00|YC 7.20|IL 29.68","0.0","0.0","103.49"
"AC","EWR","YUL","797","20250517","1530","20250517","1700","YUL","EWR","8938","20250520","810","20250520","946","E","G","350.44","USD:AY 5.60|US 18.60|XA 3.71|XF 4.50|XY 7.00|YC 7.20|CA 12.20|SQ 28.90|ZP 10.40|XG 1.45|XQ 2.88","0.0","0.0","102.44"
"UA","EWR","IAH","492","20250531","530","20250531","808","IAH","EWR","1797","20250607","600","20250607","1034","E","K","291.96","USD:AY 11.20|US 18.23|XF 9.00|ZP 10.40","0.0","0.0","48.83"
"UA","EWR","IAH","2425","20250531","2103","20250531","2355","IAH","EWR","1797","20250607","600","20250607","1034","E","K","371.97","USD:AY 11.20|US 23.82|XF 9.00|ZP 10.40","0.0","0.0","54.42"
"UA","EWR","IAH","686","20250531","750","20250531","1034","IAH","EWR","1494","20250607","1443","20250607","1929","E","K","641.96","USD:AY 11.20|US 42.65|XF 9.00|ZP 10.40","0.0","0.0","73.25"
"TS","EWR","YTZ","7129","20250509","1505","20250509","1645","YTZ","EWR","7136","20250521","1715","20250521","1845","E","W","364.59","USD:AY 5.60|US 20.25|XA 3.71|XF 4.50|XY 7.00|YC 7.20|CA 12.20|SQ 21.00|ZP 10.40|RC 2.73","0.0","0.0","94.59"
"HA","EWR","SEA","4900","20250731","719","20250731","1030","SEA","EWR","6593","20250823","641","20250823","1500","E","N","866.61","USD:AY 11.20|US 58.33|XF 9.00|ZP 10.40","0.0","0.0","88.93"
"SQ","EWR","SIN","21","20250809","935","20250810","1645","SIN","EWR","22","20250823","2335","20250824","600","P","T","3453.51","USD:AY 5.60|US 45.80|XA 3.71|XF 4.50|XY 7.00|YC 7.20|L7 8.20|OP 6.10|SG 35.40|YR 20.00","0.0","20.0","123.50999999999999"
"AA","LGA","IND","4565","20250508","825","20250508","1039","IND","JFK","4631","20250510","547","20250510","759","E","Y","834.97","USD:AY 11.20|US 56.12|XF 9.00|ZP 10.40","0.0","0.0","86.72"
"UA","EWR","IND","3573","20250508","1620","20250508","1840","IND","EWR","3571","20250510","1852","20250510","2100","E","E","1035.97","USD:AY 11.20|US 70.14|XF 9.00|ZP 10.40","0.0","0.0","100.74"
"AA","LGA","MIA","605","20250511","1322","20250511","1633","MIA","LGA","2669","20250515","1704","20250515","2000","E","S","362.97","USD:AY 11.20|US 23.19|XF 9.00|ZP 10.40","0.0","0.0","53.79"
"DL","LGA","MIA","2382","20250511","1929","20250511","2242","MIA","JFK","1502","20250515","1110","20250515","1414","E","E","378.96","USD:AY 11.20|US 24.30|XF 9.00|ZP 10.40","0.0","0.0","54.9"
"DL","LGA","MIA","2382","20250511","1929","20250511","2242","MIA","JFK","1514","20250515","1524","20250515","1845","E","E","378.96","USD:AY 11.20|US 24.30|XF 9.00|ZP 10.40","0.0","0.0","54.9"
"DL","LGA","MIA","2300","20250511","1517","20250511","1833","MIA","JFK","1502","20250515","1110","20250515","1414","E","E","378.96","USD:AY 11.20|US 24.30|XF 9.00|ZP 10.40","0.0","0.0","54.9"
"AA","EWR","MIA","1801","20250511","1255","20250511","1603","MIA","JFK","642","20250515","1306","20250515","1606","E","S","387.96","USD:AY 11.20|US 24.93|XF 9.00|ZP 10.40","0.0","0.0","55.53"
"AA","JFK","MIA","1535","20250511","659","20250511","1005","MIA","JFK","1097","20250515","710","20250515","1009","E","G","398.96","USD:AY 11.20|US 25.70|XF 9.00|ZP 10.40","0.0","0.0","56.3"
"AA","JFK","MIA","2603","20250511","2030","20250511","2343","MIA","JFK","944","20250515","2106","20250516","8","E","G","398.96","USD:AY 11.20|US 25.70|XF 9.00|ZP 10.40","0.0","0.0","56.3"
"AA","LGA","MIA","1576","20250511","1817","20250511","2131","MIA","LGA","2324","20250515","1607","20250515","1859","E","V","407.97","USD:AY 11.20|US 26.33|XF 9.00|ZP 10.40","0.0","0.0","56.93"
"AA","LGA","MIA","1751","20250511","1659","20250511","2010","MIA","LGA","3022","20250515","1228","20250515","1534","E","V","442.97","USD:AY 11.20|US 28.77|XF 9.00|ZP 10.40","0.0","0.0","59.37"
"AA","LGA","BOS","4724","20250514","1700","20250514","1822","BOS","JFK","4580","20250519","1950","20250519","2119","E","O","268.97","USD:AY 11.20|US 16.63|XF 9.00|ZP 10.40","0.0","0.0","47.23"
"AA","JFK","BOS","4659","20250514","2130","20250514","2249","BOS","LGA","4645","20250519","800","20250519","927","E","O","348.96","USD:AY 11.20|US 22.21|XF 9.00|ZP 10.40","0.0","0.0","52.81"
"AM","JFK","MEX","405","20250628","835","20250628","1200","MEX","JFK","402","20250703","850","20250703","1600","B","I","1852.16","USD:AY 5.60|US 45.80|XA 3.71|XF 4.50|XY 7.00|YC 7.20|S1 11.10|UK 42.84|XD 65.41","0.0","0.0","193.16"
"AM","JFK","MEX","405","20250628","835","20250628","1200","MEX","JFK","404","20250703","1640","20250703","2357","E","V","508.16","USD:AY 5.60|US 45.80|XA 3.71|XF 4.50|XY 7.00|YC 7.20|S1 11.10|UK 42.84|XD 65.41","0.0","0.0","193.16"
"UA","EWR","SFO","2645","20250516","2015","20250516","2356","SFO","EWR","2033","20250531","600","20250531","1439","E","S","532.97","USD:AY 11.20|US 35.05|XF 9.00|ZP 10.40","0.0","0.0","65.65"
"AA","EWR","SFO","7506","20250516","900","20250516","1233","SFO","JFK","166","20250531","1418","20250531","2300","E","S","562.78","USD:AY 11.20|US 37.13|XF 9.00|ZP 10.40","0.0","0.0","67.73"
"AA","JFK","SFO","15","20250516","1700","20250516","2035","SFO","EWR","7562","20250531","2110","20250601","559","E","M","666.79","USD:AY 11.20|US 44.39|XF 9.00|ZP 10.40","0.0","0.0","74.99"
"UA","EWR","SFO","1777","20250516","820","20250516","1140","SFO","EWR","2645","20250531","1020","20250531","1911","E","W","686.96","USD:AY 11.20|US 45.79|XF 9.00|ZP 10.40","0.0","0.0","76.39"
"UA","EWR","DBV","385","20250606","1910","20250607","1015","DBV","EWR","386","20250616","1215","20250616","1635","B","C","9051.51","USD:AY 5.60|US 45.80|XA 3.71|XF 4.50|XY 7.00|YC 7.20|HR 21.20|MI 1.50|YQ 2080.00","2080.0","0.0","96.51000000000022"
"AZ","JFK","FCO","611","20250924","2110","20250925","1150","FCO","JFK","602","20251001","935","20251001","1315","E","O","599.51","USD:AY 5.60|US 45.80|XA 3.71|XF 4.50|XY 7.00|YC 7.20|EX 2.40|HB 9.00|IT 28.10|MJ 1.40|VT 3.80|YQ 410.00","410.0","0.0","118.50999999999999"
"B6","JFK","SFO","315","20250610","1100","20250610","1424","SFO","JFK","816","20250619","2230","20250620","703","E","P","481.97","USD:AY 11.20|US 31.49|XF 9.00|ZP 10.40","0.0","0.0","62.09"
"AS","JFK","SFO","41","20250610","1729","20250610","2100","SFO","JFK","30","20250619","618","20250619","1500","E","O","566.61","USD:AY 11.20|US 37.40|XF 9.00|ZP 10.40","0.0","0.0","68.0"
"B6","JFK","SFO","315","20250610","1100","20250610","1424","SFO","JFK","116","20250619","600","20250619","1440","E","P","586.97","USD:AY 11.20|US 38.82|XF 9.00|ZP 10.40","0.0","0.0","69.42"
"DL","JFK","SFO","365","20250610","1700","20250610","2057","SFO","JFK","2112","20250619","2100","20250620","532","E","L","656.97","USD:AY 11.20|US 43.70|XF 9.00|ZP 10.40","0.0","0.0","74.3"
"DL","JFK","SFO","667","20250610","1955","20250610","2352","SFO","JFK","668","20250619","1130","20250619","2038","E","L","746.96","USD:AY 11.20|US 49.98|XF 9.00|ZP 10.40","0.0","0.0","80.58"
"AA","LGA","MIA","3237","20250814","1959","20250814","2316","MIA","LGA","2213","20250816","1955","20250816","2300","E","S","386.96","USD:AY 11.20|US 24.86|XF 9.00|ZP 10.40","0.0","0.0","55.46"
"AM","JFK","MEX","403","20250802","1800","20250802","2135","MEX","JFK","404","20250816","1640","20250816","2357","E","V","773.16","USD:AY 5.60|US 45.80|XA 3.71|XF 4.50|XY 7.00|YC 7.20|S1 11.10|UK 42.84|XD 65.41","0.0","0.0","193.16"
"DL","JFK","LHR","5996","20250818","810","20250818","2000","LHR","JFK","5922","20250823","1650","20250823","1940","E","E","593.31","USD:AY 5.60|US 45.80|XA 3.71|XF 4.50|XY 7.00|YC 7.20|GB 119.70|UB 68.80|YQ 10.00|YR 320.00","10.0","320.0","262.30999999999995"
"DL","JFK","LHR","1","20250818","2030","20250819","850","LHR","JFK","5993","20250823","1255","20250823","1600","E","E","743.31","USD:AY 5.60|US 45.80|XA 3.71|XF 4.50|XY 7.00|YC 7.20|GB 119.70|UB 68.80|YQ 10.00|YR 320.00","10.0","320.0","262.30999999999995"
"UA","EWR","SFO","1960","20250627","700","20250627","1010","SFO","EWR","2863","20250704","1140","20250704","2030","E","S","532.97","USD:AY 11.20|US 35.05|XF 9.00|ZP 10.40","0.0","0.0","65.65"
"UA","EWR","SFO","1707","20250627","1800","20250627","2142","SFO","EWR","2863","20250704","1140","20250704","2030","E","W","596.96","USD:AY 11.20|US 39.51|XF 9.00|ZP 10.40","0.0","0.0","70.11"
"HA","EWR","SFO","4903","20250627","900","20250627","1213","SFO","EWR","6978","20250704","2219","20250705","654","E","M","731.6","USD:AY 11.20|US 48.91|XF 9.00|ZP 10.40","0.0","0.0","79.51"
"UA","EWR","SFO","1777","20250627","830","20250627","1129","SFO","EWR","2650","20250704","1020","20250704","1915","E","S","737.96","USD:AY 11.20|US 49.35|XF 9.00|ZP 10.40","0.0","0.0","79.95"
"UA","EWR","SFO","538","20250627","1445","20250627","1744","SFO","EWR","2209","20250704","1305","20250704","2150","E","H","846.97","USD:AY 11.20|US 56.96|XF 9.00|ZP 10.40","0.0","0.0","87.56"
"UA","EWR","MCO","1344","20250513","912","20250513","1212","MCO","EWR","1768","20250518","1206","20250518","1451","E","K","363.97","USD:AY 11.20|US 23.26|XF 9.00|ZP 10.40","0.0","0.0","53.86"
"AC","LGA","YYZ","8987","20250625","1145","20250625","1324","YYZ","EWR","8874","20250630","830","20250630","1007","E","G","269.02","USD:AY 5.60|US 13.13|XA 3.71|XF 4.50|XY 7.00|YC 7.20|CA 12.20|SQ 26.80|ZP 10.40|RC 3.48","0.0","0.0","94.02"
"AC","JFK","YYZ","8555","20250625","1555","20250625","1741","YYZ","EWR","1396","20250630","1730","20250630","1908","E","G","269.02","USD:AY 5.60|US 13.13|XA 3.71|XF 4.50|XY 7.00|YC 7.20|CA 12.20|SQ 26.80|ZP 10.40|RC 3.48","0.0","0.0","94.02"
"B6","JFK","ONT","355","20250601","1800","20250601","2111","LAX","EWR","1874","20250604","1021","20250604","1900","E","L","336.96","USD:AY 11.20|US 21.37|XF 9.00|ZP 10.40","0.0","0.0","51.97"
"AA","JFK","CLT","2643","20250511","630","20250511","831","CLT","EWR","2794","20250513","2107","20250513","2302","E","N","446.97","USD:AY 11.20|US 29.05|XF 9.00|ZP 10.40","0.0","0.0","59.65"
"AA","JFK","CLT","1444","20250511","759","20250511","1015","CLT","LGA","836","20250513","1318","20250513","1510","E","N","446.97","USD:AY 11.20|US 29.05|XF 9.00|ZP 10.40","0.0","0.0","59.65"
"AA","EWR","CLT","1330","20250511","1900","20250511","2111","CLT","LGA","2051","20250513","1119","20250513","1309","E","N","446.97","USD:AY 11.20|US 29.05|XF 9.00|ZP 10.40","0.0","0.0","59.65"
"AA","LGA","CLT","1023","20250511","759","20250511","958","CLT","JFK","374","20250513","1303","20250513","1459","E","N","446.97","USD:AY 11.20|US 29.05|XF 9.00|ZP 10.40","0.0","0.0","59.65"
"UA","EWR","SNA","2698","20250612","1400","20250612","1651","SNA","EWR","1900","20250706","745","20250706","1613","E","B","1125.97","USD:AY 11.20|US 76.42|XF 9.00|ZP 10.40","0.0","0.0","107.02"
"UA","LGA","DEN","1412","20250523","1655","20250523","1931","DEN","LGA","2446","20250526","953","20250526","1546","E","W","666.97","USD:AY 11.20|US 44.40|XF 9.00|ZP 10.40","0.0","0.0","75.0"
"UA","LGA","DEN","745","20250523","1000","20250523","1220","DEN","EWR","2058","20250526","940","20250526","1525","E","Q","786.96","USD:AY 11.20|US 52.77|XF 9.00|ZP 10.40","0.0","0.0","83.37"
"EI","JFK","LHR","8874","20250628","1845","20250629","650","LHR","EWR","8885","20250702","1110","20250702","1355","E","M","2067.31","USD:AY 5.60|US 45.80|XA 3.71|XF 4.50|XY 7.00|YC 7.20|GB 119.70|UB 68.80|YQ 590.00","590.0","0.0","262.30999999999995"
"B6","JFK","DUB","841","20250505","2030","20250506","820","DUB","JFK","354","20250528","1130","20250528","1400","B","C","5250.51","USD:AY 5.60|US 45.80|XA 3.71|XF 4.50|XY 7.00|YC 7.20|UP 15.40|UQ 11.30|YR 2050.00","0.0","2050.0","100.51000000000022"
"VS","JFK","LHR","138","20250731","2325","20250801","1125","LHR","JFK","153","20250816","1650","20250816","1940","E","T","587.31","USD:AY 5.60|US 45.80|XA 3.71|XF 4.50|XY 7.00|YC 7.20|GB 119.70|UB 68.80|YQ 200.00|YR 10.00","200.0","10.0","262.31"
"UA","EWR","LHR","904","20250731","2050","20250801","920","LHR","EWR","905","20250816","930","20250816","1245","E","K","618.31","USD:AY 5.60|US 45.80|XA 3.71|XF 4.50|XY 7.00|YC 7.20|GB 119.70|UB 68.80|YQ 210.00","210.0","0.0","262.31"
"UA","EWR","LHR","16","20250731","1815","20250801","645","LHR","EWR","147","20250816","1300","20250816","1620","E","K","618.31","USD:AY 5.60|US 45.80|XA 3.71|XF 4.50|XY 7.00|YC 7.20|GB 119.70|UB 68.80|YQ 210.00","210.0","0.0","262.31"
"UA","EWR","LHR","110","20250602","1725","20250603","555","LHR","EWR","147","20250609","1300","20250609","1620","E","L","748.31","USD:AY 5.60|US 45.80|XA 3.71|XF 4.50|XY 7.00|YC 7.20|GB 119.70|UB 68.80|YQ 290.00","290.0","0.0","262.30999999999995"
"DL","JFK","LHR","5994","20250602","1800","20250603","625","LGW","JFK","63","20250609","1200","20250609","1510","E","E","951.61","USD:AY 5.60|US 45.80|XA 3.71|XF 4.50|XY 7.00|YC 7.20|GB 119.70|UB 27.10|YQ 10.00|YR 460.00","10.0","460.0","220.61"
"UA","EWR","CMH","3451","20250515","1127","20250515","1321","CMH","EWR","3559","20250517","706","20250517","859","E","W","363.97","USD:AY 11.20|US 23.26|XF 9.00|ZP 10.40","0.0","0.0","53.86"
"DL","LGA","MCO","2561","20250511","1750","20250511","2046","MCO","LGA","2520","20250515","1949","20250515","2241","E","E","198.97","USD:AY 11.20|US 11.75|XF 9.00|ZP 10.40","0.0","0.0","42.35"
"AS","JFK","SEA","23","20250506","1130","20250506","1437","SEA","JFK","22","20250603","2140","20250604","609","E","X","521.61","USD:AY 11.20|US 34.26|XF 9.00|ZP 10.40","0.0","0.0","64.86"
"HA","JFK","SFO","4996","20250614","1639","20250614","2002","SFO","JFK","6985","20250622","618","20250622","1500","E","K","521.6","USD:AY 11.20|US 34.26|XF 9.00|ZP 10.40","0.0","0.0","64.86"
"HA","EWR","SEA","4848","20250506","700","20250506","1001","SEA","EWR","6593","20250603","611","20250603","1429","E","Q","816.61","USD:AY 11.20|US 54.84|XF 9.00|ZP 10.40","0.0","0.0","85.44"
"DL","JFK","FLL","305","20250612","1105","20250612","1410","FLL","JFK","1931","20250615","1959","20250615","2309","E","E","176.97","USD:AY 11.20|US 10.21|XF 9.00|ZP 10.40","0.0","0.0","40.81"
"AC","LGA","YYZ","715","20250517","1645","20250517","1825","YYZ","EWR","1396","20250522","1730","20250522","1908","E","G","274.39","USD:AY 5.60|US 13.50|XA 3.71|XF 4.50|XY 7.00|YC 7.20|CA 12.20|SQ 26.80|ZP 10.40|RC 3.48","0.0","0.0","94.39"
"AC","EWR","YYZ","8883","20250517","1830","20250517","2017","YYZ","LGA","702","20250522","750","20250522","926","E","G","282.99","USD:AY 5.60|US 14.10|XA 3.71|XF 4.50|XY 7.00|YC 7.20|CA 12.20|SQ 26.80|ZP 10.40|RC 3.48","0.0","0.0","94.99"
"UA","EWR","MCO","2114","20250513","1130","20250513","1426","MCO","EWR","1768","20250516","1210","20250516","1455","E","K","288.97","USD:AY 11.20|US 18.03|XF 9.00|ZP 10.40","0.0","0.0","48.63"
"UA","EWR","LAX","2679","20250514","1030","20250514","1330","LAX","EWR","1695","20250516","700","20250516","1528","E","S","663.97","USD:AY 11.20|US 44.19|XF 9.00|ZP 10.40","0.0","0.0","74.79"
"AA","JFK","LAX","302","20250514","1729","20250514","2045","LAX","JFK","32","20250516","1200","20250516","2030","E","L","838.96","USD:AY 11.20|US 56.40|XF 9.00|ZP 10.40","0.0","0.0","87.0"
"DL","JFK","PIT","5802","20250713","1450","20250713","1653","PIT","JFK","5703","20250720","1155","20250720","1337","E","U","258.96","USD:AY 11.20|US 15.93|XF 9.00|ZP 10.40","0.0","0.0","46.53"
"B6","JFK","STI","137","20251224","725","20251224","1207","STI","JFK","236","20260106","615","20260106","909","E","B","899.79","USD:AY 5.60|US 45.80|XA 3.71|XF 4.50|XY 7.00|YC 7.20|AA 20.00|L8 10.00|TY 6.64|UX 30.00|VB 39.34","0.0","0.0","179.79"
"AA","LGA","MIA","1751","20250717","1659","20250717","2014","MIA","EWR","1801","20250720","839","20250720","1146","E","S","389.96","USD:AY 11.20|US 25.07|XF 9.00|ZP 10.40","0.0","0.0","55.67"
"DL","JFK","MEX","7942","20250608","1600","20250608","1925","MEX","JFK","624","20250622","1430","20250622","2200","E","L","943.16","USD:AY 5.60|US 45.80|XA 3.71|XF 4.50|XY 7.00|YC 7.20|S1 11.10|UK 42.84|XD 65.41","0.0","0.0","193.16"
"BA","JFK","LHR","178","20251026","905","20251026","2000","LHR","JFK","183","20251031","1950","20251031","2355","E","O","621.31","USD:AY 5.60|US 45.80|XA 3.71|XF 4.50|XY 7.00|YC 7.20|GB 119.70|UB 68.80|YQ 320.00|YR 10.00","320.0","10.0","262.30999999999995"
"BA","JFK","LHR","174","20251026","1945","20251027","645","LHR","JFK","177","20251031","1255","20251031","1700","E","O","621.31","USD:AY 5.60|US 45.80|XA 3.71|XF 4.50|XY 7.00|YC 7.20|GB 119.70|UB 68.80|YQ 320.00|YR 10.00","320.0","10.0","262.30999999999995"
"BA","JFK","LHR","1511","20251026","2000","20251027","650","LHR","JFK","115","20251031","1410","20251031","1820","E","Q","651.31","USD:AY 5.60|US 45.80|XA 3.71|XF 4.50|XY 7.00|YC 7.20|GB 119.70|UB 68.80|YQ 320.00|YR 10.00","320.0","10.0","262.30999999999995"
"BA","JFK","LHR","1517","20251026","2135","20251027","835","LHR","JFK","117","20251031","820","20251031","1225","E","Q","651.31","USD:AY 5.60|US 45.80|XA 3.71|XF 4.50|XY 7.00|YC 7.20|GB 119.70|UB 68.80|YQ 320.00|YR 10.00","320.0","10.0","262.30999999999995"
"UA","LGA","ORD","1310","20250527","1025","20250527","1203","ORD","LGA","2451","20250601","700","20250601","1018","E","K","417.97","USD:AY 11.20|US 27.03|XF 9.00|ZP 10.40","0.0","0.0","57.63"
"UA","LGA","ORD","2199","20250527","1317","20250527","1455","ORD","LGA","1045","20250601","1500","20250601","1820","E","T","470.96","USD:AY 11.20|US 30.72|XF 9.00|ZP 10.40","0.0","0.0","61.32"
"UA","LGA","ORD","2199","20250527","1317","20250527","1455","ORD","LGA","2189","20250601","1300","20250601","1620","E","T","470.96","USD:AY 11.20|US 30.72|XF 9.00|ZP 10.40","0.0","0.0","61.32"
"UA","EWR","ORD","1832","20250527","1318","20250527","1455","ORD","LGA","293","20250601","1100","20250601","1420","E","Q","531.96","USD:AY 11.20|US 34.98|XF 9.00|ZP 10.40","0.0","0.0","65.58"
"UA","EWR","ORD","661","20250527","1655","20250527","1837","ORD","LGA","1946","20250601","1600","20250601","1920","E","Q","566.96","USD:AY 11.20|US 37.42|XF 9.00|ZP 10.40","0.0","0.0","68.02"
"DL","JFK","LHR","3","20250526","2200","20250527","1015","LHR","JFK","5993","20250605","1255","20250605","1600","E","E","692.31","USD:AY 5.60|US 45.80|XA 3.71|XF 4.50|XY 7.00|YC 7.20|GB 119.70|UB 68.80|YQ 10.00|YR 350.00","10.0","350.0","262.30999999999995"
"DL","JFK","LHR","5994","20250526","1800","20250527","625","LHR","JFK","5989","20250605","1850","20250605","2129","E","E","692.31","USD:AY 5.60|US 45.80|XA 3.71|XF 4.50|XY 7.00|YC 7.20|GB 119.70|UB 68.80|YQ 10.00|YR 350.00","10.0","350.0","262.30999999999995"
"EI","EWR","LHR","8884","20250526","1755","20250527","550","LHR","JFK","8815","20250605","1440","20250605","1735","E","K","1653.31","USD:AY 5.60|US 45.80|XA 3.71|XF 4.50|XY 7.00|YC 7.20|GB 119.70|UB 68.80|YQ 435.00","435.0","0.0","262.30999999999995"
"TK","JFK","IST","2","20250703","1950","20250704","1255","IST","JFK","111","20250706","50","20250706","430","E","W","1407.81","USD:AY 5.60|US 45.80|XA 3.71|XF 4.50|XY 7.00|YC 7.20|M6 3.40|TR 22.60|YQ 24.00|YR 320.00","24.0","320.0","99.81"
"BA","JFK","LHR","1515","20250711","2255","20250712","1105","LHR","JFK","115","20250714","1440","20250714","1735","E","O","720.31","USD:AY 5.60|US 45.80|XA 3.71|XF 4.50|XY 7.00|YC 7.20|GB 119.70|UB 68.80|YQ 419.00|YR 10.00","419.0","10.0","262.30999999999995"
"AA","LGA","MIA","1576","20250627","1800","20250627","2110","MIA","LGA","1389","20250706","2042","20250706","2345","E","G","436.96","USD:AY 11.20|US 28.35|XF 9.00|ZP 10.40","0.0","0.0","58.95"
"AA","LGA","MIA","3211","20250627","905","20250627","1221","MIA","LGA","1029","20250706","1015","20250706","1330","E","G","436.96","USD:AY 11.20|US 28.35|XF 9.00|ZP 10.40","0.0","0.0","58.95"
"AA","EWR","MIA","1152","20250627","736","20250627","1043","MIA","JFK","688","20250706","1014","20250706","1328","E","V","457.97","USD:AY 11.20|US 29.82|XF 9.00|ZP 10.40","0.0","0.0","60.42"
"AA","JFK","MIA","1174","20250627","1819","20250627","2138","MIA","LGA","1389","20250706","2042","20250706","2345","E","V","467.95","USD:AY 11.20|US 30.51|XF 9.00|ZP 10.40","0.0","0.0","61.11"
"AA","EWR","MIA","1152","20250627","736","20250627","1043","MIA","LGA","2213","20250706","1946","20250706","2249","E","V","527.97","USD:AY 11.20|US 34.70|XF 9.00|ZP 10.40","0.0","0.0","65.3"
"AA","EWR","MIA","2933","20250627","1835","20250627","2144","MIA","JFK","642","20250706","1526","20250706","1829","E","V","597.97","USD:AY 11.20|US 39.58|XF 9.00|ZP 10.40","0.0","0.0","70.18"
"AA","JFK","SNA","2459","20250510","1000","20250510","1318","LAX","JFK","307","20250517","800","20250517","1630","E","L","743.97","USD:AY 11.20|US 49.77|XF 9.00|ZP 10.40","0.0","0.0","80.37"
"AA","JFK","LAX","255","20250510","829","20250510","1205","LAX","JFK","28","20250517","2255","20250518","722","E","L","777.96","USD:AY 11.20|US 52.14|XF 9.00|ZP 10.40","0.0","0.0","82.74"
"AA","JFK","LAX","341","20250510","1529","20250510","1849","LAX","JFK","238","20250517","1100","20250517","1930","E","L","838.96","USD:AY 11.20|US 56.40|XF 9.00|ZP 10.40","0.0","0.0","87.0"
"AA","JFK","LHR","6923","20250711","1845","20250712","650","LHR","JFK","141","20250714","1905","20250714","2200","E","O","892.31","USD:AY 5.60|US 45.80|XA 3.71|XF 4.50|XY 7.00|YC 7.20|GB 119.70|UB 68.80|YQ 10.00|YR 419.00","10.0","419.0","262.30999999999995"
"AA","JFK","RDU","4658","20250626","1353","20250626","1540","RDU","JFK","4690","20250629","1312","20250629","1459","E","Q","291.96","USD:AY 11.20|US 18.23|XF 9.00|ZP 10.40","0.0","0.0","48.83"
"VS","JFK","LHR","138","20250717","2325","20250718","1125","LHR","JFK","3","20250729","935","20250729","1245","E","T","692.31","USD:AY 5.60|US 45.80|XA 3.71|XF 4.50|XY 7.00|YC 7.20|GB 119.70|UB 68.80|YQ 350.00|YR 10.00","350.0","10.0","262.30999999999995"
"AA","LGA","BNA","4353","20250515","1450","20250515","1617","BNA","LGA","4660","20250518","1429","20250518","1750","E","M","566.96","USD:AY 11.20|US 37.42|XF 9.00|ZP 10.40","0.0","0.0","68.02"
"JL","JFK","HND","7009","20250810","1000","20250811","1320","HND","JFK","7010","20250822","1745","20250822","1810","E","N","1904.71","USD:AY 5.60|US 45.80|XA 3.71|XF 4.50|XY 7.00|YC 7.20|SW 20.40|TK 6.90|YQ 399.60","399.6","0.0","101.10999999999996"
"AA","JFK","HND","8495","20250810","140","20250811","440","HND","JFK","8403","20250822","1105","20250822","1105","E","N","2116.11","USD:AY 5.60|US 45.80|XA 3.71|XF 4.50|XY 7.00|YC 7.20|SW 20.40|TK 6.90|YR 392.00","0.0","392.0","101.11000000000001"
"HA","EWR","SFO","4903","20250511","900","20250511","1229","SFO","JFK","6682","20250519","641","20250519","1529","E","U","462.6","USD:AY 11.20|US 30.14|XF 9.00|ZP 10.40","0.0","0.0","60.74"
"AA","JFK","SFO","76","20250511","600","20250511","925","SFO","JFK","276","20250519","2220","20250520","700","E","G","562.96","USD:AY 11.20|US 37.14|XF 9.00|ZP 10.40","0.0","0.0","67.74"
"UA","EWR","SFO","548","20250511","1645","20250511","2002","SFO","EWR","2626","20250519","1620","20250520","58","E","W","626.96","USD:AY 11.20|US 41.61|XF 9.00|ZP 10.40","0.0","0.0","72.21"
"UA","JFK","YYZ","6631","20250607","1535","20250607","1720","YYZ","LGA","8226","20250609","915","20250609","1051","E","G","263.64","USD:AY 5.60|US 12.75|XA 3.71|XF 4.50|XY 7.00|YC 7.20|CA 12.20|SQ 26.80|ZP 10.40|RC 3.48","0.0","0.0","93.64"
"UA","LGA","YYZ","8573","20250607","1030","20250607","1212","YYZ","JFK","6608","20250609","755","20250609","939","E","G","263.64","USD:AY 5.60|US 12.75|XA 3.71|XF 4.50|XY 7.00|YC 7.20|CA 12.20|SQ 26.80|ZP 10.40|RC 3.48","0.0","0.0","93.64"
"UA","LGA","YYZ","8024","20250607","2045","20250607","2227","YYZ","EWR","8714","20250609","630","20250609","808","E","G","269.02","USD:AY 5.60|US 13.13|XA 3.71|XF 4.50|XY 7.00|YC 7.20|CA 12.20|SQ 26.80|ZP 10.40|RC 3.48","0.0","0.0","94.02"
"UA","EWR","YYZ","8430","20250607","1100","20250607","1243","YYZ","LGA","8230","20250609","1655","20250609","1831","E","G","269.02","USD:AY 5.60|US 13.13|XA 3.71|XF 4.50|XY 7.00|YC 7.20|CA 12.20|SQ 26.80|ZP 10.40|RC 3.48","0.0","0.0","94.02"
"UA","EWR","PBI","2090","20250505","915","20250505","1227","PBI","EWR","1470","20250509","1830","20250509","2130","E","W","543.97","USD:AY 11.20|US 35.82|XF 9.00|ZP 10.40","0.0","0.0","66.42"
"UA","LGA","YYZ","8449","20250512","1420","20250512","1602","YYZ","LGA","8422","20250513","1420","20250513","1556","E","G","338.89","USD:AY 5.60|US 18.00|XA 3.71|XF 4.50|XY 7.00|YC 7.20|CA 12.20|SQ 26.80|ZP 10.40|RC 3.48","0.0","0.0","98.89"
"UA","LGA","YYZ","8231","20250512","1140","20250512","1320","YYZ","EWR","8202","20250513","1730","20250513","1908","E","G","376.52","USD:AY 5.60|US 20.63|XA 3.71|XF 4.50|XY 7.00|YC 7.20|CA 12.20|SQ 26.80|ZP 10.40|RC 3.48","0.0","0.0","101.52"
"TS","EWR","YTZ","7129","20250512","1505","20250512","1645","YTZ","EWR","7136","20250513","1715","20250513","1845","E","N","437.69","USD:AY 5.60|US 25.35|XA 3.71|XF 4.50|XY 7.00|YC 7.20|CA 12.20|SQ 21.00|ZP 10.40|RC 2.73","0.0","0.0","99.69"
"UA","EWR","YYZ","8430","20250512","1100","20250512","1246","YYZ","EWR","3648","20250513","1045","20250513","1225","E","T","441.02","USD:AY 5.60|US 25.13|XA 3.71|XF 4.50|XY 7.00|YC 7.20|CA 12.20|SQ 26.80|ZP 10.40|RC 3.48","0.0","0.0","106.02"
"UA","LGA","YYZ","8403","20250512","1550","20250512","1732","YYZ","EWR","3711","20250513","2000","20250513","2200","E","G","451.77","USD:AY 5.60|US 25.88|XA 3.71|XF 4.50|XY 7.00|YC 7.20|CA 12.20|SQ 26.80|ZP 10.40|RC 3.48","0.0","0.0","106.77"
"UA","LGA","YYZ","8233","20250512","1645","20250512","1825","YYZ","EWR","8266","20250513","2110","20250513","2248","E","G","451.77","USD:AY 5.60|US 25.88|XA 3.71|XF 4.50|XY 7.00|YC 7.20|CA 12.20|SQ 26.80|ZP 10.40|RC 3.48","0.0","0.0","106.77"
"UA","JFK","YYZ","6631","20250512","1540","20250512","1725","YYZ","EWR","3648","20250513","1045","20250513","1225","E","Q","576.47","USD:AY 5.60|US 34.58|XA 3.71|XF 4.50|XY 7.00|YC 7.20|CA 12.20|SQ 26.80|ZP 10.40|RC 3.48","0.0","0.0","115.47"
"AA","LGA","CMH","4457","20250506","2020","20250506","2223","CMH","LGA","4791","20250513","1857","20250513","2041","E","S","258.96","USD:AY 11.20|US 15.93|XF 9.00|ZP 10.40","0.0","0.0","46.53"
"AA","LGA","CMH","4562","20250506","1625","20250506","1819","CMH","LGA","4400","20250513","1235","20250513","1419","E","S","398.97","USD:AY 11.20|US 25.70|XF 9.00|ZP 10.40","0.0","0.0","56.3"
"UA","EWR","MCO","1739","20250512","1030","20250512","1330","MCO","EWR","2310","20250517","1318","20250517","1603","E","L","288.97","USD:AY 11.20|US 18.03|XF 9.00|ZP 10.40","0.0","0.0","48.63"
"UA","EWR","YYZ","3557","20250505","1655","20250505","1900","YYZ","EWR","3711","20250509","2000","20250509","2200","E","U","871.02","USD:AY 5.60|US 55.13|XA 3.71|XF 4.50|XY 7.00|YC 7.20|CA 12.20|SQ 26.80|ZP 10.40|RC 3.48","0.0","0.0","136.02"
"DL","LGA","MCO","2520","20250519","1545","20250519","1843","MCO","LGA","2788","20250521","1600","20250521","1850","E","E","198.97","USD:AY 11.20|US 11.75|XF 9.00|ZP 10.40","0.0","0.0","42.35"
"DL","JFK","MCO","1740","20250519","1959","20250519","2308","MCO","LGA","2239","20250521","1355","20250521","1642","E","E","252.96","USD:AY 11.20|US 15.51|XF 9.00|ZP 10.40","0.0","0.0","46.11"
"DL","JFK","MCO","2049","20250519","700","20250519","953","MCO","LGA","2489","20250521","1050","20250521","1330","E","E","252.96","USD:AY 11.20|US 15.51|XF 9.00|ZP 10.40","0.0","0.0","46.11"
"DL","JFK","MCO","2090","20250519","1159","20250519","1453","MCO","JFK","2693","20250521","600","20250521","844","E","E","306.96","USD:AY 11.20|US 19.28|XF 9.00|ZP 10.40","0.0","0.0","49.88"
"LY","JFK","TLV","14","20250928","230","20250928","1950","TLV","JFK","1","20251015","100","20251015","550","E","M","2575.49","USD:AP 8.00|AY 5.60|US 45.80|XA 3.71|XF 4.50|XY 7.00|YC 7.20|IL 29.68","0.0","0.0","111.49"
"UA","EWR","MCO","774","20250518","600","20250518","849","MCO","EWR","2607","20250521","600","20250521","845","E","K","247.97","USD:AY 11.20|US 15.17|XF 9.00|ZP 10.40","0.0","0.0","45.77"
"UA","EWR","MCO","1409","20250518","1303","20250518","1559","MCO","EWR","1030","20250521","955","20250521","1240","E","V","402.96","USD:AY 11.20|US 25.98|XF 9.00|ZP 10.40","0.0","0.0","56.58"
"AS","EWR","SFO","293","20250605","1929","20250605","2301","SFO","EWR","292","20250612","754","20250612","1629","E","X","496.6","USD:AY 11.20|US 32.51|XF 9.00|ZP 10.40","0.0","0.0","63.11"
"AS","JFK","SFO","40","20250605","2029","20250605","2359","SFO","EWR","292","20250612","754","20250612","1629","E","Q","596.6","USD:AY 11.20|US 39.49|XF 9.00|ZP 10.40","0.0","0.0","70.09"
"AA","JFK","SFO","76","20250605","607","20250605","927","SFO","JFK","16","20250612","1017","20250612","1900","E","S","626.97","USD:AY 11.20|US 41.61|XF 9.00|ZP 10.40","0.0","0.0","72.21"
"BA","JFK","LHR","112","20251014","1830","20251015","630","LHR","JFK","179","20251105","1800","20251105","2110","E","O","616.31","USD:AY 5.60|US 45.80|XA 3.71|XF 4.50|XY 7.00|YC 7.20|GB 119.70|UB 68.80|YQ 315.00|YR 10.00","315.0","10.0","262.30999999999995"
"AS","JFK","LHR","5258","20251014","1845","20251015","650","LHR","JFK","5251","20251105","1625","20251105","1935","E","O","793.31","USD:AY 5.60|US 45.80|XA 3.71|XF 4.50|XY 7.00|YC 7.20|GB 119.70|UB 68.80","0.0","0.0","262.31"
"SN","EWR","LHR","9057","20250731","1815","20250801","645","LHR","EWR","9036","20250808","1300","20250808","1620","P","N","2559.91","USD:AY 5.60|US 45.80|XA 3.71|XF 4.50|XY 7.00|YC 7.20|GB 287.30|UB 68.80|YQ 964.00|YR 25.00","964.0","25.0","429.9100000000001"
"DL","JFK","ATH","202","20250901","1535","20250902","820","ATH","JFK","213","20250915","1530","20250915","1945","E","V","1456.61","USD:AY 5.60|US 45.80|XA 3.71|XF 4.50|XY 7.00|YC 7.20|GR 3.40|WP 25.70|WQ 5.70|YQ 10.00|YR 485.00","10.0","485.0","108.61000000000001"
"AZ","JFK","FCO","609","20250511","1605","20250512","640","FCO","JFK","608","20250518","1015","20250518","1355","E","X","1138.51","USD:AY 5.60|US 45.80|XA 3.71|XF 4.50|XY 7.00|YC 7.20|EX 2.40|HB 9.00|IT 28.10|MJ 1.40|VT 3.80|YQ 410.00","410.0","0.0","118.50999999999999"
"AF","JFK","CDG","11","20250818","100","20250818","1415","CDG","JFK","9084","20250901","930","20250901","1150","P","S","2654.41","USD:AY 5.60|US 45.80|XA 3.71|XF 4.50|XY 7.00|YC 7.20|FR 25.30|O4 45.20|QX 38.10|YQ 52.00|YR 964.00","52.0","964.0","182.41000000000008"
"DL","JFK","CDG","8739","20250818","2130","20250819","1100","CDG","JFK","263","20250901","1130","20250901","1350","P","G","3249.41","USD:AY 5.60|US 45.80|XA 3.71|XF 4.50|XY 7.00|YC 7.20|FR 25.30|O4 45.20|QX 38.10|YQ 14.00|YR 950.00","14.0","950.0","182.41000000000008"
"DL","JFK","CDG","8740","20250818","1630","20250819","555","CDG","JFK","263","20250901","1130","20250901","1350","P","G","3249.41","USD:AY 5.60|US 45.80|XA 3.71|XF 4.50|XY 7.00|YC 7.20|FR 25.30|O4 45.20|QX 38.10|YQ 14.00|YR 950.00","14.0","950.0","182.41000000000008"
"UA","LGA","YYZ","8573","20250606","1030","20250606","1212","YYZ","JFK","6608","20250608","755","20250608","939","E","G","263.64","USD:AY 5.60|US 12.75|XA 3.71|XF 4.50|XY 7.00|YC 7.20|CA 12.20|SQ 26.80|ZP 10.40|RC 3.48","0.0","0.0","93.64"
"UA","LGA","YYZ","8233","20250606","1645","20250606","1825","YYZ","JFK","6632","20250608","1320","20250608","1500","E","G","316.32","USD:AY 5.60|US 16.43|XA 3.71|XF 4.50|XY 7.00|YC 7.20|CA 12.20|SQ 26.80|ZP 10.40|RC 3.48","0.0","0.0","97.32"
"UA","LGA","YYZ","8024","20250606","2045","20250606","2227","YYZ","EWR","3648","20250608","1045","20250608","1223","E","K","321.69","USD:AY 5.60|US 16.80|XA 3.71|XF 4.50|XY 7.00|YC 7.20|CA 12.20|SQ 26.80|ZP 10.40|RC 3.48","0.0","0.0","97.69"
"UA","JFK","YYZ","6631","20250606","1535","20250606","1720","YYZ","LGA","8680","20250608","1155","20250608","1329","E","K","368.99","USD:AY 5.60|US 20.10|XA 3.71|XF 4.50|XY 7.00|YC 7.20|CA 12.20|SQ 26.80|ZP 10.40|RC 3.48","0.0","0.0","100.99"
"DL","JFK","LAX","738","20250731","1515","20250731","1827","LAX","JFK","934","20250804","600","20250804","1440","E","L","522.97","USD:AY 11.20|US 34.35|XF 9.00|ZP 10.40","0.0","0.0","64.95"
"DL","JFK","LAX","707","20250731","1925","20250731","2255","LAX","JFK","939","20250804","1255","20250804","2150","E","L","547.98","USD:AY 11.20|US 36.10|XF 9.00|ZP 10.40","0.0","0.0","66.7"
"DL","JFK","LAX","742","20250731","700","20250731","950","LAX","JFK","934","20250804","600","20250804","1440","E","K","561.96","USD:AY 11.20|US 37.07|XF 9.00|ZP 10.40","0.0","0.0","67.67"
"AA","JFK","LAX","1","20250731","720","20250731","1022","LAX","JFK","118","20250804","600","20250804","1440","E","V","627.98","USD:AY 11.20|US 41.68|XF 9.00|ZP 10.40","0.0","0.0","72.28"
"DL","JFK","LAX","767","20250731","1150","20250731","1456","LAX","JFK","938","20250804","1010","20250804","1920","E","K","706.96","USD:AY 11.20|US 47.19|XF 9.00|ZP 10.40","0.0","0.0","77.79"
"AA","JFK","LAX","1","20250731","720","20250731","1022","LAX","JFK","4","20250804","1520","20250804","2359","E","V","752.97","USD:AY 11.20|US 50.40|XF 9.00|ZP 10.40","0.0","0.0","81.0"
"AA","JFK","LAX","300","20250731","2046","20250731","2359","LAX","JFK","307","20250804","745","20250804","1625","E","V","842.98","USD:AY 11.20|US 56.68|XF 9.00|ZP 10.40","0.0","0.0","87.28"
"AA","JFK","PIT","4734","20250505","1357","20250505","1532","PIT","LGA","4492","20250511","1138","20250511","1300","E","S","444.96","USD:AY 11.20|US 28.91|XF 9.00|ZP 10.40","0.0","0.0","59.51"
"DL","JFK","FLL","1414","20250721","1955","20250721","2327","FLL","JFK","2165","20250723","700","20250723","959","E","E","186.97","USD:AY 11.20|US 10.91|XF 9.00|ZP 10.40","0.0","0.0","41.51"
"UA","EWR","FLL","2444","20250721","905","20250721","1213","FLL","EWR","2001","20250723","1520","20250723","1829","E","L","311.97","USD:AY 11.20|US 19.63|XF 9.00|ZP 10.40","0.0","0.0","50.23"
"B6","LGA","MCO","699","20250509","1659","20250509","1952","MCO","EWR","1728","20250512","1813","20250512","2105","E","W","513.96","USD:AY 11.20|US 33.72|XF 9.00|ZP 10.40","0.0","0.0","64.32"
"B6","JFK","FLL","2101","20250817","2025","20250817","2350","FLL","JFK","302","20250822","600","20250822","856","E","L","236.97","USD:AY 11.20|US 14.40|XF 9.00|ZP 10.40","0.0","0.0","45.0"
"B6","EWR","FLL","205","20250817","700","20250817","1000","FLL","LGA","172","20250822","945","20250822","1237","E","L","306.97","USD:AY 11.20|US 19.28|XF 9.00|ZP 10.40","0.0","0.0","49.88"
"B6","JFK","FLL","1501","20250817","1429","20250817","1746","FLL","EWR","106","20250822","1650","20250822","1954","E","L","317.96","USD:AY 11.20|US 20.05|XF 9.00|ZP 10.40","0.0","0.0","50.65"
"EI","JFK","LHR","8872","20250606","2055","20250607","910","LHR","JFK","8815","20250618","1440","20250618","1735","E","V","1258.31","USD:AY 5.60|US 45.80|XA 3.71|XF 4.50|XY 7.00|YC 7.20|GB 119.70|UB 68.80|YQ 455.00","455.0","0.0","262.30999999999995"
"HA","EWR","SFO","4825","20250508","1929","20250508","2305","SFO","JFK","6796","20250513","920","20250513","1759","E","U","677.6","USD:AY 11.20|US 45.14|XF 9.00|ZP 10.40","0.0","0.0","75.74"
"UA","EWR","SFO","1227","20250508","1330","20250508","1649","SFO","EWR","549","20250513","2340","20250514","818","E","Q","762.97","USD:AY 11.20|US 51.10|XF 9.00|ZP 10.40","0.0","0.0","81.7"
"UA","EWR","SFO","2645","20250508","2015","20250508","2356","SFO","EWR","1791","20250513","1515","20250513","2353","E","Q","762.97","USD:AY 11.20|US 51.10|XF 9.00|ZP 10.40","0.0","0.0","81.7"
"UA","EWR","SFO","548","20250508","1645","20250508","2002","SFO","EWR","435","20250513","920","20250513","1758","E","Q","762.97","USD:AY 11.20|US 51.10|XF 9.00|ZP 10.40","0.0","0.0","81.7"
"UA","EWR","SFO","1343","20250508","1130","20250508","1506","SFO","EWR","2480","20250513","1315","20250513","2144","E","Q","762.97","USD:AY 11.20|US 51.10|XF 9.00|ZP 10.40","0.0","0.0","81.7"
"HA","JFK","SFO","4994","20250508","1000","20250508","1334","SFO","EWR","6238","20250513","1016","20250513","1854","E","M","1011.59","USD:AY 11.20|US 68.44|XF 9.00|ZP 10.40","0.0","0.0","99.04"
"AC","LGA","YYZ","701","20250705","600","20250705","735","YYZ","LGA","702","20250707","750","20250707","923","E","G","263.64","USD:AY 5.60|US 12.75|XA 3.71|XF 4.50|XY 7.00|YC 7.20|CA 12.20|SQ 26.80|ZP 10.40|RC 3.48","0.0","0.0","93.64"
"AC","LGA","YYZ","701","20250705","600","20250705","735","YYZ","JFK","8552","20250707","800","20250707","950","E","G","263.64","USD:AY 5.60|US 12.75|XA 3.71|XF 4.50|XY 7.00|YC 7.20|CA 12.20|SQ 26.80|ZP 10.40|RC 3.48","0.0","0.0","93.64"
"TS","EWR","YTZ","7129","20250705","1535","20250705","1715","YTZ","EWR","7136","20250707","1715","20250707","1845","E","O","308.69","USD:AY 5.60|US 16.35|XA 3.71|XF 4.50|XY 7.00|YC 7.20|CA 12.20|SQ 21.00|ZP 10.40|RC 2.73","0.0","0.0","90.69"
"TS","EWR","YTZ","7125","20250705","1100","20250705","1240","YTZ","EWR","7237","20250707","1400","20250707","1530","E","O","308.69","USD:AY 5.60|US 16.35|XA 3.71|XF 4.50|XY 7.00|YC 7.20|CA 12.20|SQ 21.00|ZP 10.40|RC 2.73","0.0","0.0","90.69"
"AC","EWR","YYZ","8877","20250705","1100","20250705","1240","YYZ","JFK","8554","20250707","1325","20250707","1515","E","G","325.99","USD:AY 5.60|US 17.10|XA 3.71|XF 4.50|XY 7.00|YC 7.20|CA 12.20|SQ 26.80|ZP 10.40|RC 3.48","0.0","0.0","97.99"
"AC","JFK","YYZ","8553","20250705","1030","20250705","1215","YYZ","LGA","716","20250707","1655","20250707","1830","E","L","328.14","USD:AY 5.60|US 17.25|XA 3.71|XF 4.50|XY 7.00|YC 7.20|CA 12.20|SQ 26.80|ZP 10.40|RC 3.48","0.0","0.0","98.14"
"UA","EWR","HND","131","20250530","1030","20250531","1335","HND","JFK","7924","20250612","2245","20250612","2255","E","W","1896.11","USD:AY 5.60|US 45.80|XA 3.71|XF 4.50|XY 7.00|YC 7.20|SW 20.40|TK 6.90|YQ 380.00","380.0","0.0","101.11000000000001"
"AF","JFK","CDG","5","20250628","1830","20250629","805","CDG","JFK","6","20250712","1330","20250712","1545","B","I","4400.31","USD:AY 5.60|US 45.80|XA 3.71|XF 4.50|XY 7.00|YC 7.20|FR 25.30|O4 135.70|QX 38.50|YQ 52.00|YR 2080.00","52.0","2080.0","273.30999999999995"
"AF","JFK","CDG","11","20250628","100","20250628","1415","CDG","JFK","8990","20250712","1440","20250712","1710","B","I","5354.91","USD:AY 5.60|US 45.80|XA 3.71|XF 4.50|XY 7.00|YC 7.20|FR 25.30|O4 135.70|QX 38.10|YQ 52.00|YR 2080.00","52.0","2080.0","272.90999999999985"
"AA","JFK","BOS","4708","20250524","930","20250524","1105","BOS","JFK","4566","20250526","930","20250526","1050","E","O","256.97","USD:AY 11.20|US 15.79|XF 9.00|ZP 10.40","0.0","0.0","46.39"
"UA","EWR","ORD","1308","20250702","2155","20250702","2337","ORD","LGA","467","20250705","1405","20250705","1727","E","L","287.97","USD:AY 11.20|US 17.96|XF 9.00|ZP 10.40","0.0","0.0","48.56"
"UA","EWR","ORD","2100","20250702","800","20250702","939","ORD","EWR","2133","20250705","1540","20250705","1914","E","L","287.97","USD:AY 11.20|US 17.96|XF 9.00|ZP 10.40","0.0","0.0","48.56"
"UA","EWR","ORD","2180","20250702","1318","20250702","1455","ORD","EWR","534","20250705","1755","20250705","2128","E","T","382.96","USD:AY 11.20|US 24.58|XF 9.00|ZP 10.40","0.0","0.0","55.18"
"AA","JFK","ORD","483","20250702","1430","20250702","1618","ORD","JFK","2994","20250705","1008","20250705","1328","E","G","406.96","USD:AY 11.20|US 26.26|XF 9.00|ZP 10.40","0.0","0.0","56.86"
"UA","EWR","RDU","1850","20250508","1658","20250508","1843","RDU","EWR","3710","20250509","1820","20250509","2030","E","E","625.97","USD:AY 11.20|US 41.54|XF 9.00|ZP 10.40","0.0","0.0","72.14"
"AC","EWR","YVR","547","20250702","815","20250702","1120","YVR","EWR","548","20250730","840","20250730","1659","E","B","1162.9","USD:AY 5.60|US 76.28|XA 3.71|XF 4.50|XY 7.00|YC 7.20|CA 12.20|SQ 18.10|ZP 10.40|XG 0.91","0.0","0.0","145.9"
"UA","EWR","ATL","440","20250708","1411","20250708","1633","ATL","EWR","447","20250711","600","20250711","815","E","T","335.96","USD:AY 11.20|US 21.30|XF 9.00|ZP 10.40","0.0","0.0","51.9"
"UA","EWR","SFO","1343","20250519","1130","20250519","1506","SFO","EWR","2482","20250520","2250","20250521","720","E","W","626.96","USD:AY 11.20|US 41.61|XF 9.00|ZP 10.40","0.0","0.0","72.21"
"UA","EWR","SFO","548","20250519","1645","20250519","2002","SFO","EWR","2626","20250520","1620","20250521","58","E","V","686.96","USD:AY 11.20|US 45.79|XF 9.00|ZP 10.40","0.0","0.0","76.39"
"AA","JFK","SFO","76","20250519","600","20250519","925","SFO","EWR","7427","20250520","1011","20250520","1859","B","I","1451.79","USD:AY 11.20|US 99.15|XF 9.00|ZP 10.40","0.0","0.0","129.75"
"AF","JFK","CDG","11","20250829","100","20250829","1415","CDG","JFK","2","20250913","830","20250913","1030","E","N","810.81","USD:AY 5.60|US 45.80|XA 3.71|XF 4.50|XY 7.00|YC 7.20|FR 25.30|O4 45.20|QX 38.50|YQ 52.00|YR 420.00","52.0","420.0","182.80999999999995"
"AF","JFK","CDG","3","20250829","1730","20250830","655","CDG","JFK","8","20250913","1630","20250913","1845","E","T","880.81","USD:AY 5.60|US 45.80|XA 3.71|XF 4.50|XY 7.00|YC 7.20|FR 25.30|O4 45.20|QX 38.50|YQ 52.00|YR 420.00","52.0","420.0","182.80999999999995"
"UA","EWR","RDU","1890","20250508","729","20250508","909","RDU","EWR","2641","20250510","1451","20250510","1630","E","Q","728.97","USD:AY 11.20|US 48.72|XF 9.00|ZP 10.40","0.0","0.0","79.32"
"AC","LGA","YYZ","8991","20250521","1420","20250521","1602","YYZ","JFK","8556","20250524","2055","20250524","2245","E","K","277.62","USD:AY 5.60|US 13.73|XA 3.71|XF 4.50|XY 7.00|YC 7.20|CA 12.20|SQ 26.80|ZP 10.40|RC 3.48","0.0","0.0","94.62"
"AC","LGA","YYZ","8991","20250521","1420","20250521","1602","YYZ","LGA","8988","20250524","1155","20250524","1329","E","K","277.62","USD:AY 5.60|US 13.73|XA 3.71|XF 4.50|XY 7.00|YC 7.20|CA 12.20|SQ 26.80|ZP 10.40|RC 3.48","0.0","0.0","94.62"
"AC","EWR","YYZ","1399","20250521","1955","20250521","2145","YYZ","JFK","8552","20250524","755","20250524","939","E","L","298.04","USD:AY 5.60|US 15.15|XA 3.71|XF 4.50|XY 7.00|YC 7.20|CA 12.20|SQ 26.80|ZP 10.40|RC 3.48","0.0","0.0","96.04"
"AC","JFK","YYZ","8553","20250521","1030","20250521","1215","YYZ","LGA","8994","20250524","1730","20250524","1905","E","T","315.24","USD:AY 5.60|US 16.35|XA 3.71|XF 4.50|XY 7.00|YC 7.20|CA 12.20|SQ 26.80|ZP 10.40|RC 3.48","0.0","0.0","97.24"
"AC","LGA","YYZ","8999","20250521","2045","20250521","2227","YYZ","JFK","8552","20250524","755","20250524","939","E","S","338.89","USD:AY 5.60|US 18.00|XA 3.71|XF 4.50|XY 7.00|YC 7.20|CA 12.20|SQ 26.80|ZP 10.40|RC 3.48","0.0","0.0","98.89"
"AC","LGA","YYZ","8999","20250521","2045","20250521","2227","YYZ","LGA","8990","20250524","1325","20250524","1459","E","S","338.89","USD:AY 5.60|US 18.00|XA 3.71|XF 4.50|XY 7.00|YC 7.20|CA 12.20|SQ 26.80|ZP 10.40|RC 3.48","0.0","0.0","98.89"
"BA","JFK","LHR","176","20250604","1930","20250605","745","LHR","JFK","1506","20250702","1410","20250702","1659","E","O","801.31","USD:AY 5.60|US 45.80|XA 3.71|XF 4.50|XY 7.00|YC 7.20|GB 119.70|UB 68.80|YQ 500.00|YR 10.00","500.0","10.0","262.30999999999995"
"AF","JFK","LHR","9917","20250604","2325","20250605","1125","LHR","JFK","9900","20250702","1545","20250702","1850","E","V","825.31","USD:AY 5.60|US 45.80|XA 3.71|XF 4.50|XY 7.00|YC 7.20|GB 119.70|UB 68.80|YQ 52.00|YR 510.00","52.0","510.0","262.30999999999995"
"BA","JFK","LHR","178","20250604","750","20250604","1945","LHR","JFK","177","20250702","1320","20250702","1610","E","O","941.31","USD:AY 5.60|US 45.80|XA 3.71|XF 4.50|XY 7.00|YC 7.20|GB 119.70|UB 68.80|YQ 525.00|YR 10.00","525.0","10.0","262.30999999999995"
"BA","JFK","LHR","1594","20250604","945","20250604","2140","LHR","JFK","117","20250702","820","20250702","1105","E","O","941.31","USD:AY 5.60|US 45.80|XA 3.71|XF 4.50|XY 7.00|YC 7.20|GB 119.70|UB 68.80|YQ 525.00|YR 10.00","525.0","10.0","262.30999999999995"
"EI","JFK","LHR","8878","20250604","750","20250604","1945","LHR","JFK","8879","20250702","1805","20250702","2100","E","V","1470.31","USD:AY 5.60|US 45.80|XA 3.71|XF 4.50|XY 7.00|YC 7.20|GB 119.70|UB 68.80|YQ 550.00","550.0","0.0","262.30999999999995"
"DL","JFK","LGW","62","20250901","2135","20250902","1000","LHR","JFK","5991","20250913","2010","20250913","2300","E","E","562.31","USD:AY 5.60|US 45.80|XA 3.71|XF 4.50|XY 7.00|YC 7.20|GB 119.70|UB 68.80|YQ 10.00|YR 200.00","10.0","200.0","262.31"
"UA","EWR","LHR","16","20250901","1825","20250902","645","LHR","EWR","15","20250913","1520","20250913","1835","E","K","562.31","USD:AY 5.60|US 45.80|XA 3.71|XF 4.50|XY 7.00|YC 7.20|GB 119.70|UB 68.80|YQ 210.00","210.0","0.0","262.31"
"UA","EWR","LHR","110","20250901","1735","20250902","555","LHR","EWR","15","20250913","1520","20250913","1835","E","K","562.31","USD:AY 5.60|US 45.80|XA 3.71|XF 4.50|XY 7.00|YC 7.20|GB 119.70|UB 68.80|YQ 210.00","210.0","0.0","262.31"
"BA","JFK","LHR","1511","20250508","1810","20250509","620","LHR","JFK","179","20250515","1805","20250515","2100","E","O","621.31","USD:AY 5.60|US 45.80|XA 3.71|XF 4.50|XY 7.00|YC 7.20|GB 119.70|UB 68.80|YQ 320.00|YR 10.00","320.0","10.0","262.30999999999995"
"AC","EWR","YVR","549","20250607","1810","20250607","2115","YVR","EWR","548","20250617","830","20250617","1659","E","K","432.97","USD:AY 5.60|US 25.35|XA 3.71|XF 4.50|XY 7.00|YC 7.20|CA 12.20|SQ 18.10|ZP 10.40|XG 0.91","0.0","0.0","94.97"
"UA","EWR","ORD","254","20250507","1835","20250507","2025","ORD","EWR","563","20250514","710","20250514","1026","E","V","496.96","USD:AY 11.20|US 32.54|XF 9.00|ZP 10.40","0.0","0.0","63.14"
"DL","JFK","LHR","5994","20250615","1800","20250616","625","LGW","JFK","63","20250618","1200","20250618","1510","E","E","862.61","USD:AY 5.60|US 45.80|XA 3.71|XF 4.50|XY 7.00|YC 7.20|GB 119.70|UB 27.10|YQ 10.00|YR 480.00","10.0","480.0","220.61"
"VS","JFK","LHR","26","20250615","810","20250615","2000","LHR","JFK","3","20250618","935","20250618","1245","E","T","904.31","USD:AY 5.60|US 45.80|XA 3.71|XF 4.50|XY 7.00|YC 7.20|GB 119.70|UB 68.80|YQ 480.00|YR 10.00","480.0","10.0","262.30999999999995"
"AA","LGA","MIA","2039","20250521","1130","20250521","1441","MIA","LGA","2271","20250523","1804","20250523","2100","E","Q","327.97","USD:AY 11.20|US 20.75|XF 9.00|ZP 10.40","0.0","0.0","51.35"
"UA","EWR","MIA","2295","20250521","1110","20250521","1426","MIA","EWR","2107","20250523","1015","20250523","1323","E","G","332.97","USD:AY 11.20|US 21.10|XF 9.00|ZP 10.40","0.0","0.0","51.7"
"TS","EWR","YTZ","7443","20250605","1825","20250605","2005","YTZ","EWR","7523","20250707","830","20250707","1000","E","Q","271.07","USD:AY 5.60|US 13.73|XA 3.71|XF 4.50|XY 7.00|YC 7.20|CA 12.20|SQ 21.00|ZP 10.40|RC 2.73","0.0","0.0","88.07"
"AC","LGA","YYZ","705","20250511","830","20250511","1010","YYZ","LGA","8992","20250513","1655","20250513","1831","E","G","338.89","USD:AY 5.60|US 18.00|XA 3.71|XF 4.50|XY 7.00|YC 7.20|CA 12.20|SQ 26.80|ZP 10.40|RC 3.48","0.0","0.0","98.89"
"AC","LGA","YYZ","705","20250511","830","20250511","1010","YYZ","JFK","8552","20250513","755","20250513","939","E","G","338.89","USD:AY 5.60|US 18.00|XA 3.71|XF 4.50|XY 7.00|YC 7.20|CA 12.20|SQ 26.80|ZP 10.40|RC 3.48","0.0","0.0","98.89"
"AC","EWR","YYZ","1399","20250511","1955","20250511","2145","YYZ","EWR","1396","20250513","1730","20250513","1908","E","L","414.14","USD:AY 5.60|US 23.25|XA 3.71|XF 4.50|XY 7.00|YC 7.20|CA 12.20|SQ 26.80|ZP 10.40|RC 3.48","0.0","0.0","104.14"
"AC","EWR","YYZ","3258","20250511","1655","20250511","1900","YYZ","EWR","3712","20250513","1800","20250513","2000","E","S","443.17","USD:AY 5.60|US 25.28|XA 3.71|XF 4.50|XY 7.00|YC 7.20|CA 12.20|SQ 26.80|ZP 10.40|RC 3.48","0.0","0.0","106.17"
"AC","LGA","YYZ","709","20250511","1145","20250511","1325","YYZ","EWR","8880","20250513","1600","20250513","1739","E","W","516.27","USD:AY 5.60|US 30.38|XA 3.71|XF 4.50|XY 7.00|YC 7.20|CA 12.20|SQ 26.80|ZP 10.40|RC 3.48","0.0","0.0","111.27"
"UA","EWR","LAS","2359","20250513","2030","20250513","2324","LAS","EWR","2473","20250515","2220","20250516","614","E","L","509.96","USD:AY 11.20|US 33.44|XF 9.00|ZP 10.40","0.0","0.0","64.04"
"KE","JFK","ICN","86","20250614","50","20250615","450","ICN","JFK","81","20250703","1000","20250703","1110","F","F","23802.81","USD:AY 5.60|US 45.80|XA 3.71|XF 4.50|XY 7.00|YC 7.20|BP 17.20|YQ 1.80|YR 710.00","1.8","710.0","91.00999999999999"
"AC","EWR","YYZ","8875","20250511","900","20250511","1043","YYZ","LGA","8992","20250517","1655","20250517","1831","E","L","376.52","USD:AY 5.60|US 20.63|XA 3.71|XF 4.50|XY 7.00|YC 7.20|CA 12.20|SQ 26.80|ZP 10.40|RC 3.48","0.0","0.0","101.52"
"UA","EWR","YYZ","8045","20250518","900","20250518","1043","YYZ","LGA","8226","20250524","915","20250524","1051","E","L","373.29","USD:AY 5.60|US 20.40|XA 3.71|XF 4.50|XY 7.00|YC 7.20|CA 12.20|SQ 26.80|ZP 10.40|RC 3.48","0.0","0.0","101.29"
"UA","LGA","YYZ","8573","20250518","1030","20250518","1212","YYZ","EWR","8714","20250524","630","20250524","809","E","T","387.27","USD:AY 5.60|US 21.38|XA 3.71|XF 4.50|XY 7.00|YC 7.20|CA 12.20|SQ 26.80|ZP 10.40|RC 3.48","0.0","0.0","102.27"
"UA","LGA","YYZ","8403","20250518","1550","20250518","1732","YYZ","EWR","3460","20250524","1800","20250524","1948","E","H","572.17","USD:AY 5.60|US 34.28|XA 3.71|XF 4.50|XY 7.00|YC 7.20|CA 12.20|SQ 26.80|ZP 10.40|RC 3.48","0.0","0.0","115.17"
"B6","JFK","LAX","223","20250530","659","20250530","1004","LAX","JFK","824","20250531","2125","20250601","559","E","L","296.96","USD:AY 11.20|US 18.58|XF 9.00|ZP 10.40","0.0","0.0","49.18"
"B6","JFK","LAX","123","20250530","605","20250530","909","LAX","JFK","824","20250531","2125","20250601","559","E","L","296.96","USD:AY 11.20|US 18.58|XF 9.00|ZP 10.40","0.0","0.0","49.18"
"AA","JFK","LAX","3","20250530","1100","20250530","1409","LAX","JFK","32","20250531","1200","20250531","2030","E","S","461.97","USD:AY 11.20|US 30.10|XF 9.00|ZP 10.40","0.0","0.0","60.7"
"TS","EWR","YTZ","7368","20250810","2100","20250810","2240","YTZ","EWR","7136","20250815","1715","20250815","1845","E","W","390.39","USD:AY 5.60|US 22.05|XA 3.71|XF 4.50|XY 7.00|YC 7.20|CA 12.20|SQ 21.00|ZP 10.40|RC 2.73","0.0","0.0","96.39"
"PD","EWR","YTZ","2130","20250810","1315","20250810","1455","YYZ","LGA","605","20250815","1450","20250815","1630","E","X","403.39","USD:AY 5.60|US 22.50|XA 3.71|XF 4.50|XY 7.00|YC 7.20|CA 12.20|SQ 26.80|ZP 10.40|RC 3.48","0.0","0.0","103.39"
"AA","JFK","PIT","4734","20250509","1357","20250509","1532","PIT","LGA","4649","20250512","1852","20250512","2015","E","G","380.96","USD:AY 11.20|US 24.44|XF 9.00|ZP 10.40","0.0","0.0","55.04"
"UA","EWR","LAS","279","20250523","900","20250523","1128","LAS","EWR","2267","20250526","1435","20250526","2239","E","W","786.96","USD:AY 11.20|US 52.77|XF 9.00|ZP 10.40","0.0","0.0","83.37"
"AF","JFK","LHR","6753","20250505","1800","20250506","625","LHR","JFK","9655","20250510","2010","20250510","2300","E","V","645.31","USD:AY 5.60|US 45.80|XA 3.71|XF 4.50|XY 7.00|YC 7.20|GB 119.70|UB 68.80|YQ 52.00|YR 330.00","52.0","330.0","262.30999999999995"
"AF","JFK","LHR","6753","20250505","1800","20250506","625","LHR","JFK","9923","20250510","1650","20250510","1940","E","V","645.31","USD:AY 5.60|US 45.80|XA 3.71|XF 4.50|XY 7.00|YC 7.20|GB 119.70|UB 68.80|YQ 52.00|YR 330.00","52.0","330.0","262.30999999999995"
"AS","JFK","LHR","6922","20250505","1930","20250506","745","LHR","JFK","6901","20250510","945","20250510","1240","E","O","813.31","USD:AY 5.60|US 45.80|XA 3.71|XF 4.50|XY 7.00|YC 7.20|GB 119.70|UB 68.80","0.0","0.0","262.31"
"UA","EWR","SFO","1960","20250515","700","20250515","1022","SFO","EWR","1791","20250516","1515","20250516","2353","E","S","628.97","USD:AY 11.20|US 41.75|XF 9.00|ZP 10.40","0.0","0.0","72.35"
"AC","LGA","YUL","8641","20250618","1745","20250618","1917","YUL","EWR","8938","20250622","810","20250622","940","E","G","288.09","USD:AY 5.60|US 14.25|XA 3.71|XF 4.50|XY 7.00|YC 7.20|CA 12.20|SQ 28.90|ZP 10.40|XG 1.45|XQ 2.88","0.0","0.0","98.09"
"AC","LGA","YUL","8641","20250618","1745","20250618","1917","YUL","EWR","8944","20250622","1825","20250622","1958","E","G","374.09","USD:AY 5.60|US 20.25|XA 3.71|XF 4.50|XY 7.00|YC 7.20|CA 12.20|SQ 28.90|ZP 10.40|XG 1.45|XQ 2.88","0.0","0.0","104.09"
"AC","LGA","YUL","8645","20250618","2015","20250618","2147","YUL","LGA","8640","20250622","1530","20250622","1659","E","L","500.94","USD:AY 5.60|US 29.10|XA 3.71|XF 4.50|XY 7.00|YC 7.20|CA 12.20|SQ 28.90|ZP 10.40|XG 1.45|XQ 2.88","0.0","0.0","112.94"
"UA","EWR","LAS","2689","20250620","1835","20250620","2108","LAS","EWR","1995","20250626","2105","20250627","500","E","K","371.97","USD:AY 11.20|US 23.82|XF 9.00|ZP 10.40","0.0","0.0","54.42"
"UA","LGA","ORD","1936","20250523","1725","20250523","1905","ORD","LGA","1576","20250525","2000","20250525","2322","E","S","414.96","USD:AY 11.20|US 26.82|XF 9.00|ZP 10.40","0.0","0.0","57.42"
"AA","EWR","ORD","3354","20250523","1930","20250523","2121","ORD","EWR","3253","20250525","1911","20250525","2230","E","V","498.96","USD:AY 11.20|US 32.68|XF 9.00|ZP 10.40","0.0","0.0","63.28"
"UA","EWR","ORD","2337","20250523","900","20250523","1039","ORD","EWR","1209","20250525","2145","20250526","106","E","Q","570.97","USD:AY 11.20|US 37.70|XF 9.00|ZP 10.40","0.0","0.0","68.3"
"AA","JFK","BNA","4693","20250601","1225","20250601","1350","BNA","LGA","4402","20250604","600","20250604","921","E","Q","576.97","USD:AY 11.20|US 38.12|XF 9.00|ZP 10.40","0.0","0.0","68.72"
"DL","LGA","ORD","2806","20250520","2055","20250520","2241","ORD","LGA","2767","20250523","600","20250523","910","E","E","271.79","USD:AY 11.20|US 16.83|XF 9.00|ZP 10.40","0.0","0.0","47.43"
"AA","LGA","ORD","462","20250520","555","20250520","728","ORD","LGA","2826","20250523","1600","20250523","1911","E","O","309.96","USD:AY 11.20|US 19.49|XF 9.00|ZP 10.40","0.0","0.0","50.09"
"UA","LGA","ORD","1807","20250520","1935","20250520","2116","ORD","LGA","2370","20250523","1400","20250523","1722","E","G","311.96","USD:AY 11.20|US 19.63|XF 9.00|ZP 10.40","0.0","0.0","50.23"
"UA","LGA","ORD","705","20250520","2035","20250520","2216","ORD","LGA","1006","20250523","1800","20250523","2120","E","G","311.96","USD:AY 11.20|US 19.63|XF 9.00|ZP 10.40","0.0","0.0","50.23"
"AA","LGA","ORD","359","20250520","1929","20250520","2104","ORD","LGA","774","20250523","1837","20250523","2155","E","Q","329.97","USD:AY 11.20|US 20.89|XF 9.00|ZP 10.40","0.0","0.0","51.49"
"AA","LGA","ORD","392","20250520","659","20250520","845","ORD","EWR","4749","20250523","702","20250523","1027","E","O","352.96","USD:AY 11.20|US 22.49|XF 9.00|ZP 10.40","0.0","0.0","53.09"
"UA","EWR","ORD","1144","20250520","1515","20250520","1700","ORD","LGA","758","20250523","1708","20250523","2028","E","T","356.97","USD:AY 11.20|US 22.77|XF 9.00|ZP 10.40","0.0","0.0","53.37"
"UA","LGA","ORD","705","20250520","2035","20250520","2216","ORD","EWR","2133","20250523","1600","20250523","1934","E","G","376.97","USD:AY 11.20|US 24.17|XF 9.00|ZP 10.40","0.0","0.0","54.77"
"UA","EWR","ORD","1308","20250520","2155","20250520","2344","ORD","EWR","534","20250523","1757","20250523","2130","E","K","386.96","USD:AY 11.20|US 24.86|XF 9.00|ZP 10.40","0.0","0.0","55.46"
"AA","LGA","ORD","1166","20250520","1429","20250520","1605","ORD","LGA","2629","20250523","1211","20250523","1517","E","O","400.97","USD:AY 11.20|US 25.84|XF 9.00|ZP 10.40","0.0","0.0","56.44"
"AA","LGA","ORD","2057","20250520","1800","20250520","1940","ORD","LGA","2629","20250523","1211","20250523","1517","E","Q","420.98","USD:AY 11.20|US 27.24|XF 9.00|ZP 10.40","0.0","0.0","57.84"
"UA","EWR","ORD","1525","20250520","1005","20250520","1148","ORD","EWR","2191","20250523","845","20250523","1209","E","L","446.97","USD:AY 11.20|US 29.05|XF 9.00|ZP 10.40","0.0","0.0","59.65"
"UA","EWR","ORD","1144","20250520","1515","20250520","1700","ORD","EWR","2649","20250523","1426","20250523","1800","E","T","450.97","USD:AY 11.20|US 29.33|XF 9.00|ZP 10.40","0.0","0.0","59.93"
"AS","JFK","LHR","5258","20250731","1845","20250801","650","LHR","JFK","6901","20250805","945","20250805","1240","E","O","908.31","USD:AY 5.60|US 45.80|XA 3.71|XF 4.50|XY 7.00|YC 7.20|GB 119.70|UB 68.80","0.0","0.0","262.31"
"UA","EWR","YYZ","8045","20250612","900","20250612","1046","YYZ","LGA","8226","20250615","915","20250615","1051","E","G","269.02","USD:AY 5.60|US 13.13|XA 3.71|XF 4.50|XY 7.00|YC 7.20|CA 12.20|SQ 26.80|ZP 10.40|RC 3.48","0.0","0.0","94.02"
"UA","LGA","YYZ","8469","20250612","835","20250612","1015","YYZ","EWR","3705","20250615","1500","20250615","1648","E","G","269.02","USD:AY 5.60|US 13.13|XA 3.71|XF 4.50|XY 7.00|YC 7.20|CA 12.20|SQ 26.80|ZP 10.40|RC 3.48","0.0","0.0","94.02"
"UA","LGA","YYZ","8227","20250612","600","20250612","740","YYZ","EWR","3705","20250615","1500","20250615","1648","E","G","344.27","USD:AY 5.60|US 18.38|XA 3.71|XF 4.50|XY 7.00|YC 7.20|CA 12.20|SQ 26.80|ZP 10.40|RC 3.48","0.0","0.0","99.27"
"UA","LGA","YYZ","8229","20250612","715","20250612","857","YYZ","EWR","8202","20250615","1730","20250615","1908","E","G","344.27","USD:AY 5.60|US 18.38|XA 3.71|XF 4.50|XY 7.00|YC 7.20|CA 12.20|SQ 26.80|ZP 10.40|RC 3.48","0.0","0.0","99.27"
"UA","LGA","YYZ","8233","20250612","1645","20250612","1825","YYZ","EWR","8714","20250615","630","20250615","808","E","G","344.27","USD:AY 5.60|US 18.38|XA 3.71|XF 4.50|XY 7.00|YC 7.20|CA 12.20|SQ 26.80|ZP 10.40|RC 3.48","0.0","0.0","99.27"
"AA","JFK","YYZ","4552","20250612","759","20250612","949","YYZ","JFK","4552","20250615","1059","20250615","1244","E","Q","371.14","USD:AY 5.60|US 20.25|XA 3.71|XF 4.50|XY 7.00|YC 7.20|CA 12.20|SQ 26.80|ZP 10.40|RC 3.48","0.0","0.0","101.14"
"BA","JFK","LHR","116","20250622","2005","20250623","815","LHR","JFK","175","20250716","1000","20250716","1245","E","O","801.31","USD:AY 5.60|US 45.80|XA 3.71|XF 4.50|XY 7.00|YC 7.20|GB 119.70|UB 68.80|YQ 500.00|YR 10.00","500.0","10.0","262.30999999999995"
"BA","EWR","LHR","188","20250622","2125","20250623","925","LHR","JFK","183","20250716","1940","20250716","2230","E","Q","866.31","USD:AY 5.60|US 45.80|XA 3.71|XF 4.50|XY 7.00|YC 7.20|GB 119.70|UB 68.80|YQ 525.00|YR 10.00","525.0","10.0","262.30999999999995"
"IB","JFK","LHR","3560","20250622","1845","20250623","650","LHR","JFK","3559","20250716","1135","20250716","1425","E","Q","1050.31","USD:AY 5.60|US 45.80|XA 3.71|XF 4.50|XY 7.00|YC 7.20|GB 119.70|UB 68.80|YQ 509.00|YR 10.00","509.0","10.0","262.30999999999995"
"EI","JFK","LHR","8816","20250622","2005","20250623","815","LHR","JFK","8883","20250716","1940","20250716","2230","E","N","1470.31","USD:AY 5.60|US 45.80|XA 3.71|XF 4.50|XY 7.00|YC 7.20|GB 119.70|UB 68.80|YQ 550.00","550.0","0.0","262.30999999999995"
"VS","JFK","LGW","4061","20250525","2140","20250526","1000","LHR","JFK","9","20250604","1255","20250604","1600","E","T","612.31","USD:AY 5.60|US 45.80|XA 3.71|XF 4.50|XY 7.00|YC 7.20|GB 119.70|UB 68.80|YQ 270.00|YR 10.00","270.0","10.0","262.30999999999995"
"EI","JFK","LGW","8272","20250525","1945","20250526","750","LHR","JFK","8879","20250604","1805","20250604","2100","E","O","913.31","USD:AY 5.60|US 45.80|XA 3.71|XF 4.50|XY 7.00|YC 7.20|GB 119.70|UB 68.80|YQ 410.00","410.0","0.0","262.30999999999995"
"DL","JFK","LHR","5996","20250614","810","20250614","2000","LHR","JFK","5995","20250629","1225","20250629","1530","E","E","773.31","USD:AY 5.60|US 45.80|XA 3.71|XF 4.50|XY 7.00|YC 7.20|GB 119.70|UB 68.80|YQ 10.00|YR 500.00","10.0","500.0","262.30999999999995"
"DL","JFK","LGW","62","20250614","2130","20250615","1000","LHR","JFK","5993","20250629","1255","20250629","1600","E","V","873.31","USD:AY 5.60|US 45.80|XA 3.71|XF 4.50|XY 7.00|YC 7.20|GB 119.70|UB 68.80|YQ 10.00|YR 420.00","10.0","420.0","262.30999999999995"
"BA","JFK","LHR","172","20250614","2055","20250615","910","LHR","JFK","183","20250629","1940","20250629","2230","E","Q","930.31","USD:AY 5.60|US 45.80|XA 3.71|XF 4.50|XY 7.00|YC 7.20|GB 119.70|UB 68.80|YQ 550.00|YR 10.00","550.0","10.0","262.30999999999995"
"AA","JFK","BCN","66","20250521","1710","20250522","645","BCN","JFK","67","20250604","1250","20250604","1529","E","M","1517.81","USD:AY 5.60|US 45.80|XA 3.71|XF 4.50|XY 7.00|YC 7.20|JD 18.10|OG 0.70|QV 4.20|YQ 10.00|YR 460.00","10.0","460.0","96.80999999999995"
"IB","JFK","BCN","2628","20250521","2325","20250522","1325","BCN","JFK","4186","20250604","1250","20250604","1529","E","Y","2395.81","USD:AY 5.60|US 45.80|XA 3.71|XF 4.50|XY 7.00|YC 7.20|JD 18.10|OG 0.70|QV 4.20|YQ 250.00|YR 10.00","250.0","10.0","96.81"
"TS","EWR","YTZ","7362","20250624","1200","20250624","1340","YTZ","EWR","7360","20250811","745","20250811","915","E","Q","320.52","USD:AY 5.60|US 17.18|XA 3.71|XF 4.50|XY 7.00|YC 7.20|CA 12.20|SQ 21.00|ZP 10.40|RC 2.73","0.0","0.0","91.52"
"UA","EWR","LAS","1513","20250531","1835","20250531","2108","LAS","EWR","2267","20250602","1435","20250602","2239","E","K","551.96","USD:AY 11.20|US 36.37|XF 9.00|ZP 10.40","0.0","0.0","66.97"
"IB","JFK","BCN","2628","20250602","2340","20250603","1340","BCN","JFK","2627","20250616","1840","20250616","2140","E","O","1047.81","USD:AY 5.60|US 45.80|XA 3.71|XF 4.50|XY 7.00|YC 7.20|JD 18.10|OG 0.70|QV 4.20|YR 10.00","0.0","10.0","96.81"
"DL","JFK","MIA","1528","20250607","700","20250607","1006","MIA","JFK","1924","20250611","701","20250611","1000","E","E","146.96","USD:AY 11.20|US 8.12|XF 9.00|ZP 10.40","0.0","0.0","38.72"
"AA","LGA","MIA","1576","20250607","1800","20250607","2110","MIA","LGA","1553","20250611","1506","20250611","1800","E","O","226.96","USD:AY 11.20|US 13.70|XF 9.00|ZP 10.40","0.0","0.0","44.3"
"AA","LGA","MIA","1530","20250607","655","20250607","1000","MIA","LGA","1553","20250611","1506","20250611","1800","E","O","226.96","USD:AY 11.20|US 13.70|XF 9.00|ZP 10.40","0.0","0.0","44.3"
"AA","LGA","MIA","1249","20250607","600","20250607","906","MIA","LGA","3022","20250611","1155","20250611","1502","E","O","226.96","USD:AY 11.20|US 13.70|XF 9.00|ZP 10.40","0.0","0.0","44.3"
"AA","LGA","MIA","605","20250607","1315","20250607","1628","MIA","EWR","2933","20250611","1434","20250611","1736","E","S","336.96","USD:AY 11.20|US 21.37|XF 9.00|ZP 10.40","0.0","0.0","51.97"
"UA","EWR","IAD","2430","20250506","1938","20250506","2107","IAD","LGA","6034","20250508","821","20250508","947","E","V","441.97","USD:AY 11.20|US 28.70|XF 9.00|ZP 10.40","0.0","0.0","59.3"
"UA","EWR","IAD","1992","20250506","1500","20250506","1630","DCA","EWR","3475","20250508","700","20250508","823","E","V","451.97","USD:AY 11.20|US 29.40|XF 9.00|ZP 10.40","0.0","0.0","60.0"
"UA","EWR","IAD","1992","20250506","1500","20250506","1630","IAD","LGA","6168","20250508","1240","20250508","1406","E","V","474.96","USD:AY 11.20|US 31.00|XF 9.00|ZP 10.40","0.0","0.0","61.6"
"UA","EWR","DCA","4172","20250506","1100","20250506","1236","IAD","EWR","3444","20250508","1235","20250508","1413","E","V","549.96","USD:AY 11.20|US 36.23|XF 9.00|ZP 10.40","0.0","0.0","66.83"
"UA","EWR","ATL","1329","20250801","1728","20250801","2000","ATL","EWR","246","20250804","715","20250804","930","E","K","301.96","USD:AY 11.20|US 18.93|XF 9.00|ZP 10.40","0.0","0.0","49.53"
"AC","EWR","YYZ","8875","20250507","900","20250507","1043","YYZ","JFK","8552","20250604","755","20250604","939","B","D","917.24","USD:AY 5.60|US 58.35|XA 3.71|XF 4.50|XY 7.00|YC 7.20|CA 12.20|SQ 26.80|ZP 10.40|RC 3.48","0.0","0.0","139.24"
"AC","EWR","YYZ","1391","20250507","630","20250507","816","YYZ","JFK","8556","20250604","2055","20250604","2245","B","D","917.24","USD:AY 5.60|US 58.35|XA 3.71|XF 4.50|XY 7.00|YC 7.20|CA 12.20|SQ 26.80|ZP 10.40|RC 3.48","0.0","0.0","139.24"
"AC","EWR","YYZ","1391","20250507","630","20250507","816","YYZ","EWR","8874","20250604","835","20250604","1014","B","D","918.32","USD:AY 5.60|US 58.43|XA 3.71|XF 4.50|XY 7.00|YC 7.20|CA 12.20|SQ 26.80|ZP 10.40|RC 3.48","0.0","0.0","139.32"
"UA","EWR","IAH","1590","20250606","1415","20250606","1700","IAH","LGA","2731","20250608","1705","20250608","2143","E","W","470.96","USD:AY 11.20|US 30.72|XF 9.00|ZP 10.40","0.0","0.0","61.32"
"UA","LGA","IAH","691","20250606","730","20250606","1017","IAH","EWR","1494","20250608","1444","20250608","1930","E","K","541.97","USD:AY 11.20|US 35.68|XF 9.00|ZP 10.40","0.0","0.0","66.28"
"UA","LGA","IAH","2371","20250606","600","20250606","847","IAH","LGA","1032","20250608","805","20250608","1243","E","K","541.97","USD:AY 11.20|US 35.68|XF 9.00|ZP 10.40","0.0","0.0","66.28"
"UA","EWR","LAS","2299","20250629","1658","20250629","1924","LAS","EWR","2496","20250702","1359","20250702","2159","E","K","350.96","USD:AY 11.20|US 22.35|XF 9.00|ZP 10.40","0.0","0.0","52.95"
"UA","EWR","LAS","323","20250629","1159","20250629","1424","LAS","EWR","526","20250702","1540","20250702","2347","E","K","350.96","USD:AY 11.20|US 22.35|XF 9.00|ZP 10.40","0.0","0.0","52.95"
"B6","JFK","WAW","6661","20250707","2220","20250708","1305","WAW","JFK","6686","20250809","1225","20250809","1545","E","Z","1417.31","USD:AY 5.60|US 45.80|XA 3.71|XF 4.50|XY 7.00|YC 7.20|ND 0.40|XW 23.10","0.0","0.0","97.31"
"UA","EWR","IAH","1590","20250524","1417","20250524","1659","IAH","LGA","2199","20250528","700","20250528","1138","E","L","386.96","USD:AY 11.20|US 24.86|XF 9.00|ZP 10.40","0.0","0.0","55.46"
"UA","LGA","IAH","404","20250524","1758","20250524","2047","IAH","EWR","2606","20250528","945","20250528","1421","E","L","581.97","USD:AY 11.20|US 38.47|XF 9.00|ZP 10.40","0.0","0.0","69.07"
"UA","EWR","MCO","2114","20250801","1155","20250801","1446","MCO","EWR","2387","20250809","1031","20250809","1307","E","W","432.96","USD:AY 11.20|US 28.07|XF 9.00|ZP 10.40","0.0","0.0","58.67"
"UA","EWR","MCO","2668","20250801","1502","20250801","1759","MCO","EWR","1557","20250809","1656","20250809","1949","E","S","466.96","USD:AY 11.20|US 30.44|XF 9.00|ZP 10.40","0.0","0.0","61.04"
"DL","JFK","LAX","747","20250810","1355","20250810","1701","LAX","JFK","960","20250816","2159","20250817","621","E","Q","657.97","USD:AY 11.20|US 43.77|XF 9.00|ZP 10.40","0.0","0.0","74.37"
"AA","JFK","LAX","3","20250810","1100","20250810","1352","SNA","JFK","2459","20250816","1226","20250816","2059","E","L","768.96","USD:AY 11.20|US 51.51|XF 9.00|ZP 10.40","0.0","0.0","82.11"
"AA","JFK","BOS","4455","20250508","1800","20250508","1919","BOS","LGA","4650","20250512","1300","20250512","1420","E","N","542.97","USD:AY 11.20|US 35.75|XF 9.00|ZP 10.40","0.0","0.0","66.35"
"AA","JFK","BOS","4455","20250508","1800","20250508","1919","BOS","LGA","4645","20250512","800","20250512","927","E","N","582.97","USD:AY 11.20|US 38.54|XF 9.00|ZP 10.40","0.0","0.0","69.14"
"BA","JFK","LHR","116","20250519","2005","20250520","815","LHR","JFK","115","20250528","1440","20250528","1735","E","Q","717.31","USD:AY 5.60|US 45.80|XA 3.71|XF 4.50|XY 7.00|YC 7.20|GB 119.70|UB 68.80|YQ 379.00|YR 10.00","379.0","10.0","262.30999999999995"
"BA","JFK","LHR","182","20250519","2310","20250520","1115","LHR","EWR","185","20250528","1110","20250528","1355","E","Q","733.31","USD:AY 5.60|US 45.80|XA 3.71|XF 4.50|XY 7.00|YC 7.20|GB 119.70|UB 68.80|YQ 395.00|YR 10.00","395.0","10.0","262.30999999999995"
"BA","JFK","LHR","1594","20250519","945","20250519","2140","LHR","EWR","189","20250528","1635","20250528","1925","E","S","805.31","USD:AY 5.60|US 45.80|XA 3.71|XF 4.50|XY 7.00|YC 7.20|GB 119.70|UB 68.80|YQ 374.00|YR 10.00","374.0","10.0","262.30999999999995"
"IB","JFK","LHR","3560","20250519","1845","20250520","650","LHR","JFK","3559","20250528","1135","20250528","1425","E","K","1810.31","USD:AY 5.60|US 45.80|XA 3.71|XF 4.50|XY 7.00|YC 7.20|GB 119.70|UB 68.80|YQ 410.00|YR 10.00","410.0","10.0","262.30999999999995"
"AA","EWR","SFO","7506","20250528","900","20250528","1233","SFO","EWR","7562","20250601","2215","20250602","652","E","Q","486.59","USD:AY 11.20|US 31.81|XF 9.00|ZP 10.40","0.0","0.0","62.41"
"HA","JFK","SFO","4994","20250528","930","20250528","1259","SFO","EWR","6679","20250601","1011","20250601","1859","E","U","521.6","USD:AY 11.20|US 34.26|XF 9.00|ZP 10.40","0.0","0.0","64.86"
"UA","EWR","SFO","1960","20250528","700","20250528","1010","SFO","EWR","567","20250601","2320","20250602","754","E","G","571.96","USD:AY 11.20|US 37.77|XF 9.00|ZP 10.40","0.0","0.0","68.37"
"AA","EWR","SFO","7469","20250528","1529","20250528","1858","SFO","JFK","16","20250601","1042","20250601","1930","E","N","656.78","USD:AY 11.20|US 43.69|XF 9.00|ZP 10.40","0.0","0.0","74.29"
"AA","LGA","DFW","2092","20250507","1850","20250507","2150","DFW","LGA","1609","20250510","700","20250510","1126","E","K","886.97","USD:AY 11.20|US 59.75|XF 9.00|ZP 10.40","0.0","0.0","90.35"
"AA","JFK","DFW","3186","20250507","1247","20250507","1544","DFW","EWR","2861","20250510","1429","20250510","1900","E","M","886.97","USD:AY 11.20|US 59.75|XF 9.00|ZP 10.40","0.0","0.0","90.35"
"AA","LGA","MIA","1937","20250603","1040","20250603","1349","MIA","JFK","944","20250607","2100","20250608","8","E","O","226.96","USD:AY 11.20|US 13.70|XF 9.00|ZP 10.40","0.0","0.0","44.3"
"AA","LGA","MIA","1576","20250603","1817","20250603","2131","MIA","LGA","1389","20250607","2046","20250607","2345","E","O","226.96","USD:AY 11.20|US 13.70|XF 9.00|ZP 10.40","0.0","0.0","44.3"
"AA","JFK","MIA","2135","20250603","1330","20250603","1638","MIA","LGA","3205","20250607","700","20250607","959","E","O","226.96","USD:AY 11.20|US 13.70|XF 9.00|ZP 10.40","0.0","0.0","44.3"
"AA","EWR","MIA","1196","20250603","604","20250603","920","MIA","LGA","3205","20250607","700","20250607","959","E","O","226.96","USD:AY 11.20|US 13.70|XF 9.00|ZP 10.40","0.0","0.0","44.3"
"AA","EWR","MIA","1801","20250603","1255","20250603","1603","MIA","EWR","322","20250607","2004","20250607","2317","E","O","241.97","USD:AY 11.20|US 14.75|XF 9.00|ZP 10.40","0.0","0.0","45.35"
"AA","EWR","MIA","2933","20250603","1729","20250603","2035","MIA","EWR","322","20250607","2004","20250607","2317","E","O","241.97","USD:AY 11.20|US 14.75|XF 9.00|ZP 10.40","0.0","0.0","45.35"
"UA","EWR","MIA","1511","20250603","1300","20250603","1611","MIA","EWR","2107","20250607","1012","20250607","1320","E","G","301.96","USD:AY 11.20|US 18.93|XF 9.00|ZP 10.40","0.0","0.0","49.53"
"AY","JFK","LHR","5478","20250603","750","20250603","1945","LHR","JFK","4017","20250613","1700","20250613","1955","E","O","938.31","USD:AY 5.60|US 45.80|XA 3.71|XF 4.50|XY 7.00|YC 7.20|GB 119.70|UB 68.80|YQ 30.00|YR 445.00","30.0","445.0","262.30999999999995"
"AY","JFK","LHR","4018","20250603","1930","20250604","745","LHR","JFK","5479","20250613","1805","20250613","2100","E","O","938.31","USD:AY 5.60|US 45.80|XA 3.71|XF 4.50|XY 7.00|YC 7.20|GB 119.70|UB 68.80|YQ 30.00|YR 445.00","30.0","445.0","262.30999999999995"
"AY","JFK","LHR","5482","20250603","2310","20250604","1115","LHR","EWR","5485","20250613","1110","20250613","1355","E","M","2232.31","USD:AY 5.60|US 45.80|XA 3.71|XF 4.50|XY 7.00|YC 7.20|GB 119.70|UB 68.80|YQ 30.00|YR 490.00","30.0","490.0","262.30999999999995"
"AA","LGA","ORD","396","20250511","1605","20250511","1751","ORD","EWR","3253","20250517","1911","20250517","2230","E","G","428.96","USD:AY 11.20|US 27.79|XF 9.00|ZP 10.40","0.0","0.0","58.39"
"UA","EWR","ORD","1308","20250511","2150","20250511","2339","ORD","EWR","563","20250517","710","20250517","1026","E","Q","477.97","USD:AY 11.20|US 31.21|XF 9.00|ZP 10.40","0.0","0.0","61.81"
"AA","JFK","SFO","179","20250821","814","20250821","1139","SFO","JFK","276","20250823","2246","20250824","729","E","N","667.97","USD:AY 11.20|US 44.47|XF 9.00|ZP 10.40","0.0","0.0","75.07"
"BA","JFK","LHR","116","20250524","2005","20250525","815","LHR","JFK","115","20250530","1440","20250530","1735","B","I","3387.91","USD:AY 5.60|US 45.80|XA 3.71|XF 4.50|XY 7.00|YC 7.20|GB 287.30|UB 68.80|YQ 2050.00|YR 30.00","2050.0","30.0","429.90999999999985"
"IB","JFK","LHR","3566","20250524","2310","20250525","1115","LHR","JFK","3559","20250530","1135","20250530","1425","B","I","3387.91","USD:AY 5.60|US 45.80|XA 3.71|XF 4.50|XY 7.00|YC 7.20|GB 287.30|UB 68.80|YQ 2050.00|YR 30.00","2050.0","30.0","429.90999999999985"
"IB","JFK","LHR","4222","20250524","1930","20250525","745","LHR","JFK","3565","20250530","1805","20250530","2100","B","I","3387.91","USD:AY 5.60|US 45.80|XA 3.71|XF 4.50|XY 7.00|YC 7.20|GB 287.30|UB 68.80|YQ 2050.00|YR 30.00","2050.0","30.0","429.90999999999985"
"AA","JFK","SFO","15","20250721","1700","20250721","2032","SFO","JFK","166","20250727","1317","20250727","2159","E","L","776.97","USD:AY 11.20|US 52.07|XF 9.00|ZP 10.40","0.0","0.0","82.67"
"UA","EWR","LAX","2679","20250526","1000","20250526","1240","LAX","EWR","1850","20250529","600","20250529","1434","E","W","541.97","USD:AY 11.20|US 35.68|XF 9.00|ZP 10.40","0.0","0.0","66.28"
"AA","JFK","LAX","255","20250526","829","20250526","1205","LAX","JFK","10","20250529","2155","20250530","621","E","V","572.97","USD:AY 11.20|US 37.84|XF 9.00|ZP 10.40","0.0","0.0","68.44"
"PD","EWR","YTZ","2122","20250603","855","20250603","1035","YTZ","EWR","2133","20250610","1250","20250610","1420","E","M","203.34","USD:AY 5.60|US 9.00|XA 3.71|XF 4.50|XY 7.00|YC 7.20|CA 12.20|SQ 21.00|ZP 10.40|RC 2.73","0.0","0.0","83.34"
"TS","EWR","YTZ","7359","20250603","855","20250603","1035","YTZ","EWR","7402","20250610","645","20250610","815","E","Q","233.44","USD:AY 5.60|US 11.10|XA 3.71|XF 4.50|XY 7.00|YC 7.20|CA 12.20|SQ 21.00|ZP 10.40|RC 2.73","0.0","0.0","85.44"
"TS","EWR","YTZ","7129","20250603","1505","20250603","1645","YTZ","EWR","7136","20250610","1715","20250610","1845","E","Q","233.44","USD:AY 5.60|US 11.10|XA 3.71|XF 4.50|XY 7.00|YC 7.20|CA 12.20|SQ 21.00|ZP 10.40|RC 2.73","0.0","0.0","85.44"
"TS","EWR","YTZ","7362","20250603","1200","20250603","1340","YTZ","EWR","7474","20250610","1930","20250610","2100","E","Q","233.44","USD:AY 5.60|US 11.10|XA 3.71|XF 4.50|XY 7.00|YC 7.20|CA 12.20|SQ 21.00|ZP 10.40|RC 2.73","0.0","0.0","85.44"
"PD","LGA","YYZ","604","20250603","955","20250603","1135","YTZ","EWR","2127","20250610","945","20250610","1115","E","L","289.34","USD:AY 5.60|US 15.00|XA 3.71|XF 4.50|XY 7.00|YC 7.20|CA 12.20|SQ 21.00|ZP 10.40|RC 2.73","0.0","0.0","89.34"
"AA","LGA","MIA","605","20250529","1322","20250529","1633","MIA","LGA","2324","20250602","1607","20250602","1859","E","Q","307.96","USD:AY 11.20|US 19.35|XF 9.00|ZP 10.40","0.0","0.0","49.95"
"AA","EWR","ORD","3354","20250510","1930","20250510","2121","ORD","EWR","3374","20250511","1013","20250511","1330","E","L","534.97","USD:AY 11.20|US 35.19|XF 9.00|ZP 10.40","0.0","0.0","65.79"
"AA","LGA","ORD","392","20250510","659","20250510","845","ORD","LGA","2629","20250511","1211","20250511","1517","E","L","564.97","USD:AY 11.20|US 37.28|XF 9.00|ZP 10.40","0.0","0.0","67.88"
"AA","EWR","ORD","3374","20250510","1400","20250510","1540","ORD","LGA","2088","20250511","1712","20250511","2019","E","L","564.97","USD:AY 11.20|US 37.28|XF 9.00|ZP 10.40","0.0","0.0","67.88"
"EI","JFK","LHR","8874","20250619","1845","20250620","650","LHR","JFK","8815","20250628","1440","20250628","1735","E","V","1692.31","USD:AY 5.60|US 45.80|XA 3.71|XF 4.50|XY 7.00|YC 7.20|GB 119.70|UB 68.80|YQ 590.00","590.0","0.0","262.30999999999995"
"EI","EWR","LHR","8884","20250619","1755","20250620","550","LGW","JFK","8273","20250628","1505","20250628","1805","E","Y","3199.61","USD:AY 5.60|US 45.80|XA 3.71|XF 4.50|XY 7.00|YC 7.20|GB 119.70|UB 27.10|YQ 570.00","570.0","0.0","220.61"
"AA","JFK","SNA","2459","20250517","1000","20250517","1318","LAX","JFK","4","20250525","1529","20250525","2357","E","M","667.97","USD:AY 11.20|US 44.47|XF 9.00|ZP 10.40","0.0","0.0","75.07"
"UA","EWR","FCO","40","20250922","1720","20250923","735","FCO","EWR","509","20251006","1255","20251006","1650","E","T","1054.51","USD:AY 5.60|US 45.80|XA 3.71|XF 4.50|XY 7.00|YC 7.20|EX 2.40|HB 9.00|IT 28.10|MJ 1.40|VT 3.80|YQ 370.00","370.0","0.0","118.50999999999999"
"BA","JFK","LHR","1517","20251127","2035","20251128","835","LHR","EWR","189","20251130","1625","20251130","1935","E","O","666.31","USD:AY 5.60|US 45.80|XA 3.71|XF 4.50|XY 7.00|YC 7.20|GB 119.70|UB 68.80|YQ 365.00|YR 10.00","365.0","10.0","262.30999999999995"
"IB","JFK","LHR","3540","20251127","1830","20251128","630","LHR","JFK","3545","20251130","820","20251130","1125","E","O","953.31","USD:AY 5.60|US 45.80|XA 3.71|XF 4.50|XY 7.00|YC 7.20|GB 119.70|UB 68.80|YQ 370.00|YR 10.00","370.0","10.0","262.30999999999995"
"DL","JFK","LAX","752","20250615","2125","20250616","54","LAX","JFK","979","20250623","700","20250623","1535","E","E","486.96","USD:AY 11.20|US 31.84|XF 9.00|ZP 10.40","0.0","0.0","62.44"
"DL","JFK","LAX","767","20250615","1155","20250615","1505","LAX","JFK","676","20250623","2250","20250624","723","E","L","648.97","USD:AY 11.20|US 43.14|XF 9.00|ZP 10.40","0.0","0.0","73.74"
"UA","EWR","SFO","1844","20250523","1700","20250523","2029","SFO","EWR","567","20250528","2320","20250529","754","E","S","462.97","USD:AY 11.20|US 30.17|XF 9.00|ZP 10.40","0.0","0.0","60.77"
"UA","EWR","ATH","124","20250609","1555","20250610","810","ATH","EWR","117","20250819","1600","20250819","2010","E","L","996.61","USD:AY 5.60|US 45.80|XA 3.71|XF 4.50|XY 7.00|YC 7.20|GR 3.40|WP 25.70|WQ 5.70|YQ 370.00","370.0","0.0","108.61000000000001"
"TS","EWR","YTZ","7124","20250508","1000","20250508","1140","YTZ","EWR","7474","20250511","1925","20250511","2055","E","W","466.72","USD:AY 5.60|US 27.38|XA 3.71|XF 4.50|XY 7.00|YC 7.20|CA 12.20|SQ 21.00|ZP 10.40|RC 2.73","0.0","0.0","101.72"
"AC","LGA","YYZ","703","20250524","725","20250524","907","YYZ","JFK","8556","20250623","2055","20250623","2249","E","G","226.02","USD:AY 5.60|US 10.13|XA 3.71|XF 4.50|XY 7.00|YC 7.20|CA 12.20|SQ 26.80|ZP 10.40|RC 3.48","0.0","0.0","91.02"
"AC","EWR","YYZ","1399","20250524","1955","20250524","2145","YYZ","LGA","724","20250623","2100","20250623","2233","E","G","236.77","USD:AY 5.60|US 10.88|XA 3.71|XF 4.50|XY 7.00|YC 7.20|CA 12.20|SQ 26.80|ZP 10.40|RC 3.48","0.0","0.0","91.77"
"AC","EWR","YYZ","1399","20250524","1955","20250524","2145","YYZ","JFK","8556","20250623","2055","20250623","2249","E","G","312.02","USD:AY 5.60|US 16.13|XA 3.71|XF 4.50|XY 7.00|YC 7.20|CA 12.20|SQ 26.80|ZP 10.40|RC 3.48","0.0","0.0","97.02"
"AC","LGA","YYZ","8993","20250524","1550","20250524","1732","YYZ","LGA","722","20250623","1920","20250623","2053","E","K","315.24","USD:AY 5.60|US 16.35|XA 3.71|XF 4.50|XY 7.00|YC 7.20|CA 12.20|SQ 26.80|ZP 10.40|RC 3.48","0.0","0.0","97.24"
"AC","LGA","YYZ","8997","20250524","1945","20250524","2127","YYZ","EWR","3283","20250623","1045","20250623","1223","E","K","320.62","USD:AY 5.60|US 16.73|XA 3.71|XF 4.50|XY 7.00|YC 7.20|CA 12.20|SQ 26.80|ZP 10.40|RC 3.48","0.0","0.0","97.62"
"AC","LGA","YYZ","715","20250524","1645","20250524","1825","YYZ","EWR","3489","20250623","730","20250623","904","E","K","320.62","USD:AY 5.60|US 16.73|XA 3.71|XF 4.50|XY 7.00|YC 7.20|CA 12.20|SQ 26.80|ZP 10.40|RC 3.48","0.0","0.0","97.62"
"UA","EWR","YYZ","8505","20250524","630","20250524","816","YYZ","EWR","8621","20250623","1600","20250623","1737","E","L","341.04","USD:AY 5.60|US 18.15|XA 3.71|XF 4.50|XY 7.00|YC 7.20|CA 12.20|SQ 26.80|ZP 10.40|RC 3.48","0.0","0.0","99.04"
"UA","EWR","YYZ","8045","20250524","900","20250524","1043","YYZ","EWR","8714","20250623","630","20250623","808","E","S","382.97","USD:AY 5.60|US 21.08|XA 3.71|XF 4.50|XY 7.00|YC 7.20|CA 12.20|SQ 26.80|ZP 10.40|RC 3.48","0.0","0.0","101.97"
"AC","LGA","YYZ","705","20250524","830","20250524","1010","YYZ","LGA","704","20250623","920","20250623","1053","E","K","390.49","USD:AY 5.60|US 21.60|XA 3.71|XF 4.50|XY 7.00|YC 7.20|CA 12.20|SQ 26.80|ZP 10.40|RC 3.48","0.0","0.0","102.49"
"AC","LGA","YYZ","709","20250524","1140","20250524","1320","YYZ","EWR","1390","20250623","630","20250623","808","E","K","395.87","USD:AY 5.60|US 21.98|XA 3.71|XF 4.50|XY 7.00|YC 7.20|CA 12.20|SQ 26.80|ZP 10.40|RC 3.48","0.0","0.0","102.87"
"AC","EWR","YYZ","8881","20250524","1630","20250524","1809","YYZ","EWR","8878","20250623","1355","20250623","1532","E","K","401.24","USD:AY 5.60|US 22.35|XA 3.71|XF 4.50|XY 7.00|YC 7.20|CA 12.20|SQ 26.80|ZP 10.40|RC 3.48","0.0","0.0","103.24"
"UA","LGA","YYZ","8024","20250524","2045","20250524","2227","YYZ","LGA","8238","20250623","1920","20250623","2053","E","T","430.27","USD:AY 5.60|US 24.38|XA 3.71|XF 4.50|XY 7.00|YC 7.20|CA 12.20|SQ 26.80|ZP 10.40|RC 3.48","0.0","0.0","105.27"
"UA","LGA","YYZ","8233","20250524","1645","20250524","1825","YYZ","LGA","8226","20250623","920","20250623","1053","E","T","430.27","USD:AY 5.60|US 24.38|XA 3.71|XF 4.50|XY 7.00|YC 7.20|CA 12.20|SQ 26.80|ZP 10.40|RC 3.48","0.0","0.0","105.27"
"UA","LGA","YYZ","8231","20250524","1140","20250524","1320","YYZ","LGA","8146","20250623","2100","20250623","2233","E","T","430.27","USD:AY 5.60|US 24.38|XA 3.71|XF 4.50|XY 7.00|YC 7.20|CA 12.20|SQ 26.80|ZP 10.40|RC 3.48","0.0","0.0","105.27"
"UA","JFK","YYZ","6607","20250524","655","20250524","841","YYZ","EWR","8660","20250623","1355","20250623","1532","E","T","435.64","USD:AY 5.60|US 24.75|XA 3.71|XF 4.50|XY 7.00|YC 7.20|CA 12.20|SQ 26.80|ZP 10.40|RC 3.48","0.0","0.0","105.64"
"UA","EWR","YYZ","3702","20250524","737","20250524","919","YYZ","LGA","8422","20250623","1420","20250623","1553","E","L","463.59","USD:AY 5.60|US 26.70|XA 3.71|XF 4.50|XY 7.00|YC 7.20|CA 12.20|SQ 26.80|ZP 10.40|RC 3.48","0.0","0.0","107.59"
"UA","EWR","MCO","2858","20250524","1659","20250524","1957","MCO","EWR","2120","20250525","950","20250525","1228","E","L","432.96","USD:AY 11.20|US 28.07|XF 9.00|ZP 10.40","0.0","0.0","58.67"
"VS","JFK","LHR","138","20250810","2325","20250811","1125","LHR","JFK","137","20250814","1850","20250814","2129","E","T","638.31","USD:AY 5.60|US 45.80|XA 3.71|XF 4.50|XY 7.00|YC 7.20|GB 119.70|UB 68.80|YQ 365.00|YR 10.00","365.0","10.0","262.30999999999995"
"VS","JFK","LGW","4061","20250810","2135","20250811","1000","LHR","JFK","9","20250814","1255","20250814","1600","E","T","638.31","USD:AY 5.60|US 45.80|XA 3.71|XF 4.50|XY 7.00|YC 7.20|GB 119.70|UB 68.80|YQ 365.00|YR 10.00","365.0","10.0","262.30999999999995"
"UA","EWR","LHR","16","20250810","1815","20250811","645","LHR","EWR","941","20250814","1600","20250814","1920","E","L","663.31","USD:AY 5.60|US 45.80|XA 3.71|XF 4.50|XY 7.00|YC 7.20|GB 119.70|UB 68.80|YQ 370.00","370.0","0.0","262.30999999999995"
"UA","EWR","LHR","934","20250810","830","20250810","2040","LHR","EWR","905","20250814","930","20250814","1245","E","L","663.31","USD:AY 5.60|US 45.80|XA 3.71|XF 4.50|XY 7.00|YC 7.20|GB 119.70|UB 68.80|YQ 370.00","370.0","0.0","262.30999999999995"
"KL","JFK","LHR","2501","20250810","1800","20250811","625","LHR","JFK","2502","20250814","935","20250814","1245","E","V","690.31","USD:AY 5.60|US 45.80|XA 3.71|XF 4.50|XY 7.00|YC 7.20|GB 119.70|UB 68.80|YQ 52.00|YR 375.00","52.0","375.0","262.30999999999995"
"DL","JFK","LHR","1","20250810","2030","20250811","850","LHR","JFK","5922","20250814","1650","20250814","1940","E","E","698.31","USD:AY 5.60|US 45.80|XA 3.71|XF 4.50|XY 7.00|YC 7.20|GB 119.70|UB 68.80|YQ 10.00|YR 365.00","10.0","365.0","262.30999999999995"
"AF","JFK","LHR","8991","20250810","2030","20250811","850","LHR","JFK","6752","20250814","935","20250814","1245","E","R","750.31","USD:AY 5.60|US 45.80|XA 3.71|XF 4.50|XY 7.00|YC 7.20|GB 119.70|UB 68.80|YQ 52.00|YR 375.00","52.0","375.0","262.30999999999995"
"IB","JFK","LHR","4220","20250810","2255","20250811","1105","LHR","JFK","3563","20250814","1320","20250814","1610","E","O","996.31","USD:AY 5.60|US 45.80|XA 3.71|XF 4.50|XY 7.00|YC 7.20|GB 119.70|UB 68.80|YQ 365.00|YR 10.00","365.0","10.0","262.30999999999995"
"IB","EWR","LHR","3568","20250810","1755","20250811","550","LHR","JFK","3561","20250814","1000","20250814","1245","E","V","1066.31","USD:AY 5.60|US 45.80|XA 3.71|XF 4.50|XY 7.00|YC 7.20|GB 119.70|UB 68.80|YQ 365.00|YR 10.00","365.0","10.0","262.30999999999995"
"IB","EWR","LHR","3568","20250810","1755","20250811","550","LHR","JFK","4221","20250814","1410","20250814","1705","E","V","1066.31","USD:AY 5.60|US 45.80|XA 3.71|XF 4.50|XY 7.00|YC 7.20|GB 119.70|UB 68.80|YQ 365.00|YR 10.00","365.0","10.0","262.30999999999995"
"VS","JFK","LHR","138","20250622","2325","20250623","1125","LHR","JFK","4029","20250627","1605","20250627","1935","E","T","1124.31","USD:AY 5.60|US 45.80|XA 3.71|XF 4.50|XY 7.00|YC 7.20|GB 119.70|UB 68.80|YQ 550.00|YR 10.00","550.0","10.0","262.30999999999995"
"UA","EWR","LHR","14","20250622","1845","20250623","715","LHR","EWR","15","20250627","1520","20250627","1840","E","T","1124.31","USD:AY 5.60|US 45.80|XA 3.71|XF 4.50|XY 7.00|YC 7.20|GB 119.70|UB 68.80|YQ 370.00","370.0","0.0","262.30999999999995"
"AC","EWR","YYZ","3747","20250529","956","20250529","1144","YYZ","JFK","8554","20250604","1320","20250604","1500","E","G","199.14","USD:AY 5.60|US 8.25|XA 3.71|XF 4.50|XY 7.00|YC 7.20|CA 12.20|SQ 26.80|ZP 10.40|RC 3.48","0.0","0.0","89.14"
"AC","EWR","YYZ","1395","20250529","1100","20250529","1246","YYZ","LGA","706","20250604","1420","20250604","1556","E","G","199.14","USD:AY 5.60|US 8.25|XA 3.71|XF 4.50|XY 7.00|YC 7.20|CA 12.20|SQ 26.80|ZP 10.40|RC 3.48","0.0","0.0","89.14"
"AC","LGA","YYZ","715","20250529","1645","20250529","1825","YYZ","LGA","704","20250604","915","20250604","1051","E","K","262.57","USD:AY 5.60|US 12.68|XA 3.71|XF 4.50|XY 7.00|YC 7.20|CA 12.20|SQ 26.80|ZP 10.40|RC 3.48","0.0","0.0","93.57"
"UA","LGA","YYZ","8229","20250529","725","20250529","907","YYZ","LGA","8230","20250604","1655","20250604","1831","E","G","263.64","USD:AY 5.60|US 12.75|XA 3.71|XF 4.50|XY 7.00|YC 7.20|CA 12.20|SQ 26.80|ZP 10.40|RC 3.48","0.0","0.0","93.64"
"UA","EWR","YYZ","8505","20250529","630","20250529","816","YYZ","LGA","8406","20250604","1325","20250604","1459","E","G","269.02","USD:AY 5.60|US 13.13|XA 3.71|XF 4.50|XY 7.00|YC 7.20|CA 12.20|SQ 26.80|ZP 10.40|RC 3.48","0.0","0.0","94.02"
"UA","EWR","YYZ","8505","20250529","630","20250529","816","YYZ","LGA","8146","20250604","2100","20250604","2236","E","G","269.02","USD:AY 5.60|US 13.13|XA 3.71|XF 4.50|XY 7.00|YC 7.20|CA 12.20|SQ 26.80|ZP 10.40|RC 3.48","0.0","0.0","94.02"
"AC","EWR","YYZ","8875","20250529","900","20250529","1043","YYZ","LGA","8540","20250604","750","20250604","926","E","G","274.39","USD:AY 5.60|US 13.50|XA 3.71|XF 4.50|XY 7.00|YC 7.20|CA 12.20|SQ 26.80|ZP 10.40|RC 3.48","0.0","0.0","94.39"
"AC","JFK","YYZ","8551","20250529","655","20250529","841","YYZ","EWR","8876","20250604","1130","20250604","1303","E","G","274.39","USD:AY 5.60|US 13.50|XA 3.71|XF 4.50|XY 7.00|YC 7.20|CA 12.20|SQ 26.80|ZP 10.40|RC 3.48","0.0","0.0","94.39"
"TS","EWR","YTZ","7368","20250529","1940","20250529","2120","YTZ","EWR","7360","20250604","745","20250604","915","E","Q","287.19","USD:AY 5.60|US 14.85|XA 3.71|XF 4.50|XY 7.00|YC 7.20|CA 12.20|SQ 21.00|ZP 10.40|RC 2.73","0.0","0.0","89.19"
"UA","JFK","YYZ","6631","20250529","1540","20250529","1725","YYZ","EWR","3648","20250604","1045","20250604","1223","E","K","312.02","USD:AY 5.60|US 16.13|XA 3.71|XF 4.50|XY 7.00|YC 7.20|CA 12.20|SQ 26.80|ZP 10.40|RC 3.48","0.0","0.0","97.02"
"UA","EWR","YYZ","8432","20250529","1630","20250529","1815","YYZ","EWR","8621","20250604","1600","20250604","1739","E","K","313.09","USD:AY 5.60|US 16.20|XA 3.71|XF 4.50|XY 7.00|YC 7.20|CA 12.20|SQ 26.80|ZP 10.40|RC 3.48","0.0","0.0","97.09"
"UA","LGA","YYZ","8024","20250529","2045","20250529","2227","YYZ","LGA","8542","20250604","750","20250604","926","E","K","316.32","USD:AY 5.60|US 16.43|XA 3.71|XF 4.50|XY 7.00|YC 7.20|CA 12.20|SQ 26.80|ZP 10.40|RC 3.48","0.0","0.0","97.32"
"UA","LGA","YYZ","8573","20250529","1030","20250529","1212","YYZ","JFK","6608","20250604","755","20250604","939","E","G","338.89","USD:AY 5.60|US 18.00|XA 3.71|XF 4.50|XY 7.00|YC 7.20|CA 12.20|SQ 26.80|ZP 10.40|RC 3.48","0.0","0.0","98.89"
"UA","LGA","YYZ","8229","20250529","725","20250529","907","YYZ","LGA","8236","20250604","1825","20250604","1959","E","G","338.89","USD:AY 5.60|US 18.00|XA 3.71|XF 4.50|XY 7.00|YC 7.20|CA 12.20|SQ 26.80|ZP 10.40|RC 3.48","0.0","0.0","98.89"
"UA","EWR","YYZ","3434","20250529","2021","20250529","2223","YYZ","EWR","8660","20250604","1355","20250604","1534","E","G","339.97","USD:AY 5.60|US 18.08|XA 3.71|XF 4.50|XY 7.00|YC 7.20|CA 12.20|SQ 26.80|ZP 10.40|RC 3.48","0.0","0.0","98.97"
"UA","EWR","YYZ","8505","20250529","630","20250529","816","YYZ","LGA","8146","20250604","2100","20250604","2236","E","G","344.27","USD:AY 5.60|US 18.38|XA 3.71|XF 4.50|XY 7.00|YC 7.20|CA 12.20|SQ 26.80|ZP 10.40|RC 3.48","0.0","0.0","99.27"
"AC","EWR","YYZ","1399","20250529","1955","20250529","2145","YYZ","EWR","3489","20250604","730","20250604","904","E","K","365.77","USD:AY 5.60|US 19.88|XA 3.71|XF 4.50|XY 7.00|YC 7.20|CA 12.20|SQ 26.80|ZP 10.40|RC 3.48","0.0","0.0","100.77"
"UA","JFK","YYZ","6631","20250529","1540","20250529","1725","YYZ","EWR","3435","20250604","730","20250604","904","E","K","387.27","USD:AY 5.60|US 21.38|XA 3.71|XF 4.50|XY 7.00|YC 7.20|CA 12.20|SQ 26.80|ZP 10.40|RC 3.48","0.0","0.0","102.27"
"UA","EWR","YYZ","8432","20250529","1630","20250529","1815","YYZ","JFK","6634","20250604","2055","20250604","2245","E","K","392.64","USD:AY 5.60|US 21.75|XA 3.71|XF 4.50|XY 7.00|YC 7.20|CA 12.20|SQ 26.80|ZP 10.40|RC 3.48","0.0","0.0","102.64"
"AC","LGA","YYZ","709","20250801","1140","20250801","1315","YYZ","JFK","8552","20250815","800","20250815","950","E","K","316.32","USD:AY 5.60|US 16.43|XA 3.71|XF 4.50|XY 7.00|YC 7.20|CA 12.20|SQ 26.80|ZP 10.40|RC 3.48","0.0","0.0","97.32"
"AC","EWR","YYZ","8879","20250801","1350","20250801","1534","YYZ","LGA","702","20250815","750","20250815","923","E","L","335.67","USD:AY 5.60|US 17.78|XA 3.71|XF 4.50|XY 7.00|YC 7.20|CA 12.20|SQ 26.80|ZP 10.40|RC 3.48","0.0","0.0","98.67"
"AZ","JFK","FCO","611","20250517","2110","20250518","1150","FCO","JFK","608","20250601","1015","20250601","1355","E","X","1313.51","USD:AY 5.60|US 45.80|XA 3.71|XF 4.50|XY 7.00|YC 7.20|EX 2.40|HB 9.00|IT 28.10|MJ 1.40|VT 3.80|YQ 410.00","410.0","0.0","118.50999999999999"
"UA","EWR","YYZ","3400","20250511","1159","20250511","1347","YYZ","EWR","3460","20250524","1800","20250524","1948","E","T","400.17","USD:AY 5.60|US 22.28|XA 3.71|XF 4.50|XY 7.00|YC 7.20|CA 12.20|SQ 26.80|ZP 10.40|RC 3.48","0.0","0.0","103.17"
"UA","EWR","YYZ","3557","20250511","1655","20250511","1900","YYZ","JFK","6608","20250524","755","20250524","939","E","T","405.54","USD:AY 5.60|US 22.65|XA 3.71|XF 4.50|XY 7.00|YC 7.20|CA 12.20|SQ 26.80|ZP 10.40|RC 3.48","0.0","0.0","103.54"
"TS","EWR","YTZ","7368","20250511","2100","20250511","2240","YTZ","EWR","7236","20250524","945","20250524","1115","E","H","407.59","USD:AY 5.60|US 23.25|XA 3.71|XF 4.50|XY 7.00|YC 7.20|CA 12.20|SQ 21.00|ZP 10.40|RC 2.73","0.0","0.0","97.59"
"AA","JFK","YYZ","4558","20250511","2110","20250511","2300","YYZ","LGA","4623","20250524","1259","20250524","1434","E","G","422.74","USD:AY 5.60|US 23.85|XA 3.71|XF 4.50|XY 7.00|YC 7.20|CA 12.20|SQ 26.80|ZP 10.40|RC 3.48","0.0","0.0","104.74"
"AA","JFK","YYZ","4558","20250511","2110","20250511","2300","YYZ","LGA","4542","20250524","725","20250524","900","E","G","422.74","USD:AY 5.60|US 23.85|XA 3.71|XF 4.50|XY 7.00|YC 7.20|CA 12.20|SQ 26.80|ZP 10.40|RC 3.48","0.0","0.0","104.74"
"UA","EWR","YYZ","3400","20250511","1159","20250511","1347","YYZ","EWR","3711","20250524","2000","20250524","2148","E","T","475.42","USD:AY 5.60|US 27.53|XA 3.71|XF 4.50|XY 7.00|YC 7.20|CA 12.20|SQ 26.80|ZP 10.40|RC 3.48","0.0","0.0","108.42"
"UA","EWR","YYZ","3553","20250511","731","20250511","919","YYZ","EWR","8266","20250524","2110","20250524","2248","E","T","475.42","USD:AY 5.60|US 27.53|XA 3.71|XF 4.50|XY 7.00|YC 7.20|CA 12.20|SQ 26.80|ZP 10.40|RC 3.48","0.0","0.0","108.42"
"UA","EWR","YYZ","3557","20250511","1655","20250511","1900","YYZ","JFK","6608","20250524","755","20250524","939","E","T","480.79","USD:AY 5.60|US 27.90|XA 3.71|XF 4.50|XY 7.00|YC 7.20|CA 12.20|SQ 26.80|ZP 10.40|RC 3.48","0.0","0.0","108.79"
"UA","JFK","YYZ","6607","20250511","655","20250511","841","YYZ","EWR","8266","20250524","2110","20250524","2248","E","H","572.17","USD:AY 5.60|US 34.28|XA 3.71|XF 4.50|XY 7.00|YC 7.20|CA 12.20|SQ 26.80|ZP 10.40|RC 3.48","0.0","0.0","115.17"
"UA","JFK","YYZ","6633","20250511","1030","20250511","1215","YYZ","LGA","8680","20250524","1155","20250524","1329","E","H","577.54","USD:AY 5.60|US 34.65|XA 3.71|XF 4.50|XY 7.00|YC 7.20|CA 12.20|SQ 26.80|ZP 10.40|RC 3.48","0.0","0.0","115.54"
"UA","JFK","YYZ","6631","20250511","1540","20250511","1725","YYZ","LGA","8226","20250524","915","20250524","1051","E","H","577.54","USD:AY 5.60|US 34.65|XA 3.71|XF 4.50|XY 7.00|YC 7.20|CA 12.20|SQ 26.80|ZP 10.40|RC 3.48","0.0","0.0","115.54"
"UA","LGA","YYZ","8403","20250511","1550","20250511","1732","YYZ","LGA","8572","20250524","615","20250524","745","E","H","728.04","USD:AY 5.60|US 45.15|XA 3.71|XF 4.50|XY 7.00|YC 7.20|CA 12.20|SQ 26.80|ZP 10.40|RC 3.48","0.0","0.0","126.04"
"UA","LGA","YYZ","8231","20250511","1145","20250511","1325","YYZ","LGA","8406","20250524","1325","20250524","1459","E","H","728.04","USD:AY 5.60|US 45.15|XA 3.71|XF 4.50|XY 7.00|YC 7.20|CA 12.20|SQ 26.80|ZP 10.40|RC 3.48","0.0","0.0","126.04"
"UA","EWR","SAN","1513","20250728","1830","20250728","2122","SAN","EWR","2711","20250731","2120","20250801","543","E","L","436.97","USD:AY 11.20|US 28.35|XF 9.00|ZP 10.40","0.0","0.0","58.95"
"AA","JFK","CMH","4767","20250523","1559","20250523","1754","CMH","LGA","4791","20250525","1857","20250525","2041","E","M","360.96","USD:AY 11.20|US 23.05|XF 9.00|ZP 10.40","0.0","0.0","53.65"
"AA","JFK","CMH","4767","20250523","1559","20250523","1754","CMH","LGA","4689","20250525","1112","20250525","1255","E","M","397.96","USD:AY 11.20|US 25.63|XF 9.00|ZP 10.40","0.0","0.0","56.23"
"AC","EWR","YYZ","8881","20250705","1635","20250705","1815","YYZ","JFK","8552","20250707","800","20250707","950","E","G","274.39","USD:AY 5.60|US 13.50|XA 3.71|XF 4.50|XY 7.00|YC 7.20|CA 12.20|SQ 26.80|ZP 10.40|RC 3.48","0.0","0.0","94.39"
"PD","EWR","YTZ","2134","20250705","1535","20250705","1715","YTZ","EWR","2121","20250707","645","20250707","815","E","V","278.59","USD:AY 5.60|US 14.25|XA 3.71|XF 4.50|XY 7.00|YC 7.20|CA 12.20|SQ 21.00|ZP 10.40|RC 2.73","0.0","0.0","88.59"
"AC","JFK","YYZ","8551","20250705","655","20250705","841","YYZ","LGA","8984","20250707","925","20250707","1058","E","G","328.14","USD:AY 5.60|US 17.25|XA 3.71|XF 4.50|XY 7.00|YC 7.20|CA 12.20|SQ 26.80|ZP 10.40|RC 3.48","0.0","0.0","98.14"
"AC","LGA","YYZ","701","20250705","600","20250705","735","YYZ","EWR","8882","20250707","1730","20250707","1905","E","G","356.09","USD:AY 5.60|US 19.20|XA 3.71|XF 4.50|XY 7.00|YC 7.20|CA 12.20|SQ 26.80|ZP 10.40|RC 3.48","0.0","0.0","100.09"
"NH","JFK","HND","109","20250530","1330","20250531","1655","HND","JFK","160","20250612","2245","20250612","2255","E","W","1912.11","USD:AY 5.60|US 45.80|XA 3.71|XF 4.50|XY 7.00|YC 7.20|SW 20.40|TK 6.90|YQ 396.00","396.0","0.0","101.11000000000001"
"AF","JFK","CDG","9087","20250628","2010","20250629","1000","CDG","JFK","8990","20250712","1440","20250712","1710","B","D","7979.91","USD:AY 5.60|US 45.80|XA 3.71|XF 4.50|XY 7.00|YC 7.20|FR 25.30|O4 135.70|QX 38.10|YQ 52.00|YR 2080.00","52.0","2080.0","272.90999999999985"
"UA","LGA","ORD","1310","20250702","1025","20250702","1203","ORD","EWR","396","20250705","2124","20250706","45","E","L","287.97","USD:AY 11.20|US 17.96|XF 9.00|ZP 10.40","0.0","0.0","48.56"
"UA","LGA","ORD","400","20250702","1930","20250702","2109","ORD","EWR","1658","20250705","600","20250705","910","E","L","287.97","USD:AY 11.20|US 17.96|XF 9.00|ZP 10.40","0.0","0.0","48.56"
"UA","EWR","ORD","1308","20250702","2155","20250702","2337","ORD","EWR","1205","20250705","1222","20250705","1548","E","L","354.96","USD:AY 11.20|US 22.63|XF 9.00|ZP 10.40","0.0","0.0","53.23"
"AA","JFK","ORD","2083","20250702","730","20250702","916","ORD","LGA","4432","20250705","600","20250705","917","E","G","382.96","USD:AY 11.20|US 24.58|XF 9.00|ZP 10.40","0.0","0.0","55.18"
"UA","EWR","SFO","448","20250519","1800","20250519","2141","SFO","EWR","649","20250520","2115","20250521","545","E","W","626.96","USD:AY 11.20|US 41.61|XF 9.00|ZP 10.40","0.0","0.0","72.21"
"KL","JFK","MAN","4819","20250615","1930","20250616","745","MAN","JFK","4826","20250709","1415","20250709","1659","P","A","2456.21","USD:AY 5.60|US 45.80|XA 3.71|XF 4.50|XY 7.00|YC 7.20|GB 287.30|UB 44.10|YQ 52.00|YR 964.00","52.0","964.0","405.21000000000004"
"AC","LGA","YYZ","705","20250521","830","20250521","1010","YYZ","LGA","8992","20250524","1655","20250524","1831","E","G","188.39","USD:AY 5.60|US 7.50|XA 3.71|XF 4.50|XY 7.00|YC 7.20|CA 12.20|SQ 26.80|ZP 10.40|RC 3.48","0.0","0.0","88.39"
"AC","LGA","YYZ","701","20250521","600","20250521","740","YYZ","LGA","8988","20250524","1155","20250524","1329","E","G","188.39","USD:AY 5.60|US 7.50|XA 3.71|XF 4.50|XY 7.00|YC 7.20|CA 12.20|SQ 26.80|ZP 10.40|RC 3.48","0.0","0.0","88.39"
"AC","EWR","YYZ","8879","20250521","1355","20250521","1538","YYZ","LGA","8996","20250524","1825","20250524","1959","E","K","282.99","USD:AY 5.60|US 14.10|XA 3.71|XF 4.50|XY 7.00|YC 7.20|CA 12.20|SQ 26.80|ZP 10.40|RC 3.48","0.0","0.0","94.99"
"VS","JFK","LHR","138","20250604","2325","20250605","1125","LHR","JFK","3","20250702","935","20250702","1245","E","T","773.31","USD:AY 5.60|US 45.80|XA 3.71|XF 4.50|XY 7.00|YC 7.20|GB 119.70|UB 68.80|YQ 500.00|YR 10.00","500.0","10.0","262.30999999999995"
"BA","JFK","LHR","1517","20250604","1930","20250605","745","LHR","JFK","1516","20250702","945","20250702","1229","E","O","801.31","USD:AY 5.60|US 45.80|XA 3.71|XF 4.50|XY 7.00|YC 7.20|GB 119.70|UB 68.80|YQ 500.00|YR 10.00","500.0","10.0","262.30999999999995"
"BA","JFK","LHR","1511","20250604","1810","20250605","620","LHR","JFK","1506","20250702","1410","20250702","1659","E","O","801.31","USD:AY 5.60|US 45.80|XA 3.71|XF 4.50|XY 7.00|YC 7.20|GB 119.70|UB 68.80|YQ 500.00|YR 10.00","500.0","10.0","262.30999999999995"
"IB","JFK","LHR","4218","20250604","1810","20250605","620","LHR","JFK","4221","20250702","1410","20250702","1659","E","O","1050.31","USD:AY 5.60|US 45.80|XA 3.71|XF 4.50|XY 7.00|YC 7.20|GB 119.70|UB 68.80|YQ 509.00|YR 10.00","509.0","10.0","262.30999999999995"
"DL","JFK","LHR","3","20250901","2155","20250902","1015","LHR","JFK","5922","20250913","1650","20250913","1940","E","E","562.31","USD:AY 5.60|US 45.80|XA 3.71|XF 4.50|XY 7.00|YC 7.20|GB 119.70|UB 68.80|YQ 10.00|YR 200.00","10.0","200.0","262.31"
"UA","EWR","ORD","2100","20250507","800","20250507","945","ORD","EWR","1379","20250514","1155","20250514","1512","E","V","471.96","USD:AY 11.20|US 30.79|XF 9.00|ZP 10.40","0.0","0.0","61.39"
"UA","EWR","ORD","1525","20250507","1005","20250507","1148","ORD","EWR","1209","20250514","2145","20250515","58","E","V","551.96","USD:AY 11.20|US 36.37|XF 9.00|ZP 10.40","0.0","0.0","66.97"
"AA","EWR","ORD","1445","20250507","719","20250507","901","ORD","EWR","3253","20250514","1911","20250514","2230","E","L","600.96","USD:AY 11.20|US 39.79|XF 9.00|ZP 10.40","0.0","0.0","70.39"
"UA","EWR","ORD","1316","20250507","700","20250507","840","ORD","EWR","534","20250514","1834","20250514","2200","E","V","680.96","USD:AY 11.20|US 45.37|XF 9.00|ZP 10.40","0.0","0.0","75.97"
"VS","JFK","LHR","26","20250615","810","20250615","2000","LHR","JFK","9","20250618","1255","20250618","1600","E","T","904.31","USD:AY 5.60|US 45.80|XA 3.71|XF 4.50|XY 7.00|YC 7.20|GB 119.70|UB 68.80|YQ 480.00|YR 10.00","480.0","10.0","262.30999999999995"
"AA","LGA","MIA","1530","20250521","600","20250521","910","MIA","JFK","1357","20250523","1954","20250523","2259","E","Q","297.96","USD:AY 11.20|US 18.65|XF 9.00|ZP 10.40","0.0","0.0","49.25"
"AA","LGA","MIA","2039","20250521","1130","20250521","1441","MIA","LGA","3205","20250523","706","20250523","1001","E","Q","327.97","USD:AY 11.20|US 20.75|XF 9.00|ZP 10.40","0.0","0.0","51.35"
"AZ","JFK","FCO","603","20250722","1740","20250723","815","FCO","JFK","602","20250727","935","20250727","1315","E","O","911.51","USD:AY 5.60|US 45.80|XA 3.71|XF 4.50|XY 7.00|YC 7.20|EX 2.40|HB 9.00|IT 28.10|MJ 1.40|VT 3.80|YQ 410.00","410.0","0.0","118.50999999999999"
"AZ","JFK","FCO","611","20250722","2110","20250723","1150","FCO","JFK","602","20250727","935","20250727","1315","E","O","911.51","USD:AY 5.60|US 45.80|XA 3.71|XF 4.50|XY 7.00|YC 7.20|EX 2.40|HB 9.00|IT 28.10|MJ 1.40|VT 3.80|YQ 410.00","410.0","0.0","118.50999999999999"
"AC","EWR","YYZ","8879","20250511","1355","20250511","1538","YYZ","LGA","8996","20250513","1825","20250513","1959","E","S","405.54","USD:AY 5.60|US 22.65|XA 3.71|XF 4.50|XY 7.00|YC 7.20|CA 12.20|SQ 26.80|ZP 10.40|RC 3.48","0.0","0.0","103.54"
"AC","EWR","YYZ","3258","20250511","1655","20250511","1900","YYZ","EWR","8878","20250513","1355","20250513","1534","E","S","443.17","USD:AY 5.60|US 25.28|XA 3.71|XF 4.50|XY 7.00|YC 7.20|CA 12.20|SQ 26.80|ZP 10.40|RC 3.48","0.0","0.0","106.17"
"AC","EWR","YYZ","8883","20250511","1830","20250511","2017","YYZ","LGA","722","20250513","1915","20250513","2051","E","W","478.64","USD:AY 5.60|US 27.75|XA 3.71|XF 4.50|XY 7.00|YC 7.20|CA 12.20|SQ 26.80|ZP 10.40|RC 3.48","0.0","0.0","108.64"
"UA","JFK","YYZ","6607","20250511","655","20250511","841","YYZ","JFK","6608","20250517","755","20250517","939","E","G","338.89","USD:AY 5.60|US 18.00|XA 3.71|XF 4.50|XY 7.00|YC 7.20|CA 12.20|SQ 26.80|ZP 10.40|RC 3.48","0.0","0.0","98.89"
"UA","LGA","YYZ","8469","20250511","830","20250511","1010","YYZ","JFK","6634","20250517","2055","20250517","2245","E","G","414.14","USD:AY 5.60|US 23.25|XA 3.71|XF 4.50|XY 7.00|YC 7.20|CA 12.20|SQ 26.80|ZP 10.40|RC 3.48","0.0","0.0","104.14"
"UA","EWR","YYZ","8505","20250511","630","20250511","816","YYZ","LGA","8232","20250517","1730","20250517","1905","E","L","451.77","USD:AY 5.60|US 25.88|XA 3.71|XF 4.50|XY 7.00|YC 7.20|CA 12.20|SQ 26.80|ZP 10.40|RC 3.48","0.0","0.0","106.77"
"UA","EWR","YYZ","8045","20250511","900","20250511","1043","YYZ","LGA","8572","20250517","615","20250517","745","E","L","515.19","USD:AY 5.60|US 30.30|XA 3.71|XF 4.50|XY 7.00|YC 7.20|CA 12.20|SQ 26.80|ZP 10.40|RC 3.48","0.0","0.0","111.19"
"UA","LGA","YYZ","8469","20250518","830","20250518","1010","YYZ","JFK","6634","20250524","2055","20250524","2245","E","G","338.89","USD:AY 5.60|US 18.00|XA 3.71|XF 4.50|XY 7.00|YC 7.20|CA 12.20|SQ 26.80|ZP 10.40|RC 3.48","0.0","0.0","98.89"
"UA","EWR","YYZ","8045","20250518","900","20250518","1043","YYZ","EWR","8656","20250524","835","20250524","1013","E","L","367.92","USD:AY 5.60|US 20.03|XA 3.71|XF 4.50|XY 7.00|YC 7.20|CA 12.20|SQ 26.80|ZP 10.40|RC 3.48","0.0","0.0","100.92"
"UA","EWR","YYZ","8430","20250518","1100","20250518","1246","YYZ","LGA","8230","20250524","1655","20250524","1831","E","L","373.29","USD:AY 5.60|US 20.40|XA 3.71|XF 4.50|XY 7.00|YC 7.20|CA 12.20|SQ 26.80|ZP 10.40|RC 3.48","0.0","0.0","101.29"
"UA","JFK","YYZ","6607","20250518","655","20250518","841","YYZ","EWR","8202","20250524","1730","20250524","1908","E","T","387.27","USD:AY 5.60|US 21.38|XA 3.71|XF 4.50|XY 7.00|YC 7.20|CA 12.20|SQ 26.80|ZP 10.40|RC 3.48","0.0","0.0","102.27"
"UA","JFK","YYZ","6633","20250518","1030","20250518","1215","YYZ","LGA","8226","20250524","915","20250524","1051","E","T","392.64","USD:AY 5.60|US 21.75|XA 3.71|XF 4.50|XY 7.00|YC 7.20|CA 12.20|SQ 26.80|ZP 10.40|RC 3.48","0.0","0.0","102.64"
"UA","LGA","YYZ","8233","20250518","1645","20250518","1825","YYZ","LGA","8406","20250524","1325","20250524","1459","E","M","687.19","USD:AY 5.60|US 42.30|XA 3.71|XF 4.50|XY 7.00|YC 7.20|CA 12.20|SQ 26.80|ZP 10.40|RC 3.48","0.0","0.0","123.19"
"UA","LGA","YYZ","8233","20250518","1645","20250518","1825","YYZ","LGA","8146","20250524","2100","20250524","2236","E","M","687.19","USD:AY 5.60|US 42.30|XA 3.71|XF 4.50|XY 7.00|YC 7.20|CA 12.20|SQ 26.80|ZP 10.40|RC 3.48","0.0","0.0","123.19"
"B6","JFK","LAX","323","20250530","959","20250530","1314","LAX","JFK","924","20250531","1620","20250601","57","E","L","296.96","USD:AY 11.20|US 18.58|XF 9.00|ZP 10.40","0.0","0.0","49.18"
"B6","JFK","BUR","358","20250530","1717","20250530","2033","LAX","EWR","1574","20250531","2220","20250601","648","E","L","341.96","USD:AY 11.20|US 21.72|XF 9.00|ZP 10.40","0.0","0.0","52.32"
"UA","JFK","HND","7923","20250604","200","20250605","500","HND","JFK","7910","20250608","1050","20250608","1100","E","W","2528.11","USD:AY 5.60|US 45.80|XA 3.71|XF 4.50|XY 7.00|YC 7.20|SW 20.40|TK 6.90|YQ 380.00","380.0","0.0","101.11000000000001"
"PD","EWR","YTZ","2126","20250810","1100","20250810","1240","YYZ","LGA","607","20250815","1925","20250815","2105","E","X","403.39","USD:AY 5.60|US 22.50|XA 3.71|XF 4.50|XY 7.00|YC 7.20|CA 12.20|SQ 26.80|ZP 10.40|RC 3.48","0.0","0.0","103.39"
"AF","JFK","LHR","9917","20250505","2325","20250506","1125","LHR","JFK","6758","20250510","1255","20250510","1600","E","V","645.31","USD:AY 5.60|US 45.80|XA 3.71|XF 4.50|XY 7.00|YC 7.20|GB 119.70|UB 68.80|YQ 52.00|YR 330.00","52.0","330.0","262.30999999999995"
"KL","JFK","LHR","2503","20250505","1900","20250506","715","LHR","JFK","2508","20250510","1850","20250510","2129","E","V","645.31","USD:AY 5.60|US 45.80|XA 3.71|XF 4.50|XY 7.00|YC 7.20|GB 119.70|UB 68.80|YQ 52.00|YR 330.00","52.0","330.0","262.30999999999995"
"BA","JFK","LHR","176","20250505","1930","20250506","745","LHR","JFK","1510","20250510","1700","20250510","1955","E","V","821.31","USD:AY 5.60|US 45.80|XA 3.71|XF 4.50|XY 7.00|YC 7.20|GB 119.70|UB 68.80|YQ 320.00|YR 10.00","320.0","10.0","262.30999999999995"
"UA","EWR","SFO","448","20250515","1800","20250515","2141","SFO","EWR","549","20250516","2340","20250517","818","E","H","946.96","USD:AY 11.20|US 63.93|XF 9.00|ZP 10.40","0.0","0.0","94.53"
"UA","EWR","SFO","2161","20250515","1600","20250515","1939","SFO","EWR","435","20250516","920","20250516","1758","E","U","1126.96","USD:AY 11.20|US 76.49|XF 9.00|ZP 10.40","0.0","0.0","107.09"
"CX","JFK","HKG","831","20250708","1450","20250709","1905","HKG","JFK","844","20250812","215","20250812","600","E","L","2206.71","USD:AY 5.60|US 45.80|XA 3.71|XF 4.50|XY 7.00|YC 7.20|G3 20.60|HK 15.50|I5 8.40|YR 184.40","0.0","184.4","118.30999999999997"
"UA","EWR","LAS","2001","20250620","2012","20250620","2245","LAS","EWR","526","20250626","1540","20250626","2347","E","K","356.97","USD:AY 11.20|US 22.77|XF 9.00|ZP 10.40","0.0","0.0","53.37"
"UA","EWR","LAS","2689","20250620","1835","20250620","2108","LAS","EWR","655","20250626","2335","20250627","729","E","K","371.97","USD:AY 11.20|US 23.82|XF 9.00|ZP 10.40","0.0","0.0","54.42"
"UA","LGA","ORD","1611","20250523","2030","20250523","2209","ORD","EWR","2133","20250525","1600","20250525","1934","E","S","451.96","USD:AY 11.20|US 29.40|XF 9.00|ZP 10.40","0.0","0.0","60.0"
"UA","LGA","ORD","1310","20250523","1025","20250523","1203","ORD","EWR","2133","20250525","1600","20250525","1934","E","W","486.96","USD:AY 11.20|US 31.84|XF 9.00|ZP 10.40","0.0","0.0","62.44"
"UA","EWR","ORD","546","20250523","2030","20250523","2212","ORD","LGA","2370","20250525","1400","20250525","1722","E","V","516.96","USD:AY 11.20|US 33.93|XF 9.00|ZP 10.40","0.0","0.0","64.53"
"AA","LGA","ORD","2644","20250523","1255","20250523","1430","ORD","LGA","2088","20250525","1712","20250525","2019","E","K","547.97","USD:AY 11.20|US 36.10|XF 9.00|ZP 10.40","0.0","0.0","66.7"
"AA","LGA","ORD","396","20250523","1605","20250523","1751","ORD","EWR","3253","20250525","1911","20250525","2230","E","K","617.96","USD:AY 11.20|US 40.98|XF 9.00|ZP 10.40","0.0","0.0","71.58"
"UA","EWR","BNA","2038","20250601","2200","20250601","2333","BNA","EWR","213","20250604","1631","20250604","1953","E","G","196.97","USD:AY 11.20|US 11.61|XF 9.00|ZP 10.40","0.0","0.0","42.21"
"AA","LGA","BNA","4353","20250601","1535","20250601","1714","BNA","LGA","4606","20250604","1930","20250604","2254","E","N","321.97","USD:AY 11.20|US 20.33|XF 9.00|ZP 10.40","0.0","0.0","50.93"
"UA","LGA","ORD","1656","20250520","725","20250520","906","ORD","LGA","1576","20250523","2000","20250523","2322","E","G","282.97","USD:AY 11.20|US 17.61|XF 9.00|ZP 10.40","0.0","0.0","48.21"
"UA","LGA","ORD","1807","20250520","1935","20250520","2116","ORD","LGA","1045","20250523","1500","20250523","1820","E","G","282.97","USD:AY 11.20|US 17.61|XF 9.00|ZP 10.40","0.0","0.0","48.21"
"DL","LGA","ORD","2801","20250520","1859","20250520","2046","ORD","LGA","1569","20250523","1030","20250523","1343","E","E","299.78","USD:AY 11.20|US 18.78|XF 9.00|ZP 10.40","0.0","0.0","49.38"
"UA","LGA","ORD","352","20250520","1835","20250520","2016","ORD","LGA","2092","20250523","800","20250523","1118","E","G","311.96","USD:AY 11.20|US 19.63|XF 9.00|ZP 10.40","0.0","0.0","50.23"
"UA","EWR","ORD","1316","20250520","659","20250520","839","ORD","LGA","2370","20250523","1400","20250523","1722","E","K","321.96","USD:AY 11.20|US 20.33|XF 9.00|ZP 10.40","0.0","0.0","50.93"
"AA","EWR","ORD","3354","20250520","1930","20250520","2121","ORD","LGA","2088","20250523","1712","20250523","2019","E","G","371.97","USD:AY 11.20|US 23.82|XF 9.00|ZP 10.40","0.0","0.0","54.42"
"UA","LGA","ORD","1310","20250520","1025","20250520","1205","ORD","EWR","2649","20250523","1426","20250523","1800","E","G","376.97","USD:AY 11.20|US 24.17|XF 9.00|ZP 10.40","0.0","0.0","54.77"
"AS","JFK","LHR","5260","20250731","1930","20250801","745","LHR","JFK","6901","20250805","945","20250805","1240","E","O","908.31","USD:AY 5.60|US 45.80|XA 3.71|XF 4.50|XY 7.00|YC 7.20|GB 119.70|UB 68.80","0.0","0.0","262.31"
"AS","JFK","LHR","5258","20250731","1845","20250801","650","LHR","JFK","5295","20250805","1320","20250805","1610","E","O","1558.31","USD:AY 5.60|US 45.80|XA 3.71|XF 4.50|XY 7.00|YC 7.20|GB 119.70|UB 68.80","0.0","0.0","262.31"
"UA","JFK","YYZ","6607","20250612","655","20250612","841","YYZ","EWR","3705","20250615","1500","20250615","1648","E","G","269.02","USD:AY 5.60|US 13.13|XA 3.71|XF 4.50|XY 7.00|YC 7.20|CA 12.20|SQ 26.80|ZP 10.40|RC 3.48","0.0","0.0","94.02"
"UA","LGA","YYZ","8229","20250612","715","20250612","857","YYZ","EWR","8202","20250615","1730","20250615","1908","E","G","269.02","USD:AY 5.60|US 13.13|XA 3.71|XF 4.50|XY 7.00|YC 7.20|CA 12.20|SQ 26.80|ZP 10.40|RC 3.48","0.0","0.0","94.02"
"TS","EWR","YTZ","7357","20250612","650","20250612","830","YTZ","EWR","7237","20250615","1400","20250615","1530","E","Q","308.69","USD:AY 5.60|US 16.35|XA 3.71|XF 4.50|XY 7.00|YC 7.20|CA 12.20|SQ 21.00|ZP 10.40|RC 2.73","0.0","0.0","90.69"
"UA","LGA","YYZ","8469","20250612","835","20250612","1015","YYZ","EWR","3705","20250615","1500","20250615","1648","E","G","344.27","USD:AY 5.60|US 18.38|XA 3.71|XF 4.50|XY 7.00|YC 7.20|CA 12.20|SQ 26.80|ZP 10.40|RC 3.48","0.0","0.0","99.27"
"KL","JFK","LHR","2503","20250622","1900","20250623","715","LHR","JFK","2502","20250716","935","20250716","1245","E","V","825.31","USD:AY 5.60|US 45.80|XA 3.71|XF 4.50|XY 7.00|YC 7.20|GB 119.70|UB 68.80|YQ 52.00|YR 510.00","52.0","510.0","262.30999999999995"
"KL","JFK","LHR","2505","20250622","810","20250622","2000","LHR","JFK","2510","20250716","1650","20250716","1940","E","V","825.31","USD:AY 5.60|US 45.80|XA 3.71|XF 4.50|XY 7.00|YC 7.20|GB 119.70|UB 68.80|YQ 52.00|YR 510.00","52.0","510.0","262.30999999999995"
"AF","JFK","LHR","9656","20250622","810","20250622","2000","LHR","JFK","9663","20250716","1225","20250716","1530","E","V","825.31","USD:AY 5.60|US 45.80|XA 3.71|XF 4.50|XY 7.00|YC 7.20|GB 119.70|UB 68.80|YQ 52.00|YR 510.00","52.0","510.0","262.30999999999995"
"BA","JFK","LHR","176","20250622","1930","20250623","745","LHR","JFK","179","20250716","1805","20250716","2100","E","Q","866.31","USD:AY 5.60|US 45.80|XA 3.71|XF 4.50|XY 7.00|YC 7.20|GB 119.70|UB 68.80|YQ 525.00|YR 10.00","525.0","10.0","262.30999999999995"
"BA","JFK","LHR","178","20250622","750","20250622","1945","LHR","JFK","117","20250716","820","20250716","1105","E","N","941.31","USD:AY 5.60|US 45.80|XA 3.71|XF 4.50|XY 7.00|YC 7.20|GB 119.70|UB 68.80|YQ 525.00|YR 10.00","525.0","10.0","262.30999999999995"
"IB","JFK","LHR","3540","20250622","1830","20250623","630","LHR","JFK","4219","20250716","945","20250716","1240","E","Q","1050.31","USD:AY 5.60|US 45.80|XA 3.71|XF 4.50|XY 7.00|YC 7.20|GB 119.70|UB 68.80|YQ 509.00|YR 10.00","509.0","10.0","262.30999999999995"
"AS","JFK","LHR","5252","20250622","2130","20250623","940","LHR","JFK","6905","20250716","1410","20250716","1659","E","S","1230.31","USD:AY 5.60|US 45.80|XA 3.71|XF 4.50|XY 7.00|YC 7.20|GB 119.70|UB 68.80","0.0","0.0","262.31"
"EI","JFK","LHR","8876","20250622","1930","20250623","745","LHR","JFK","8873","20250716","1135","20250716","1425","E","N","1470.31","USD:AY 5.60|US 45.80|XA 3.71|XF 4.50|XY 7.00|YC 7.20|GB 119.70|UB 68.80|YQ 550.00","550.0","0.0","262.30999999999995"
"VS","JFK","LHR","4","20250614","1800","20250615","625","LHR","JFK","25","20250629","2010","20250629","2300","E","T","773.31","USD:AY 5.60|US 45.80|XA 3.71|XF 4.50|XY 7.00|YC 7.20|GB 119.70|UB 68.80|YQ 500.00|YR 10.00","500.0","10.0","262.30999999999995"
"BA","JFK","LHR","1515","20250614","2300","20250615","1105","LHR","JFK","113","20250629","1620","20250629","1925","E","O","941.31","USD:AY 5.60|US 45.80|XA 3.71|XF 4.50|XY 7.00|YC 7.20|GB 119.70|UB 68.80|YQ 525.00|YR 10.00","525.0","10.0","262.30999999999995"
"VS","JFK","LHR","46","20250614","2100","20250615","915","LHR","JFK","3","20250629","935","20250629","1245","E","O","953.31","USD:AY 5.60|US 45.80|XA 3.71|XF 4.50|XY 7.00|YC 7.20|GB 119.70|UB 68.80|YQ 500.00|YR 10.00","500.0","10.0","262.30999999999995"
"DL","JFK","LHR","5990","20250614","1900","20250615","715","LHR","JFK","4","20250629","1515","20250629","1845","E","V","953.31","USD:AY 5.60|US 45.80|XA 3.71|XF 4.50|XY 7.00|YC 7.20|GB 119.70|UB 68.80|YQ 10.00|YR 500.00","10.0","500.0","262.30999999999995"
"KL","JFK","LHR","2503","20250614","1900","20250615","715","LHR","JFK","2506","20250629","2010","20250629","2300","E","V","1005.31","USD:AY 5.60|US 45.80|XA 3.71|XF 4.50|XY 7.00|YC 7.20|GB 119.70|UB 68.80|YQ 52.00|YR 510.00","52.0","510.0","262.30999999999995"
"UA","EWR","LHR","110","20250614","1725","20250615","555","LHR","EWR","883","20250629","800","20250629","1105","E","L","1023.31","USD:AY 5.60|US 45.80|XA 3.71|XF 4.50|XY 7.00|YC 7.20|GB 119.70|UB 68.80|YQ 370.00","370.0","0.0","262.30999999999995"
"UA","EWR","LHR","904","20250614","2050","20250615","920","LHR","EWR","17","20250629","1200","20250629","1515","E","L","1158.31","USD:AY 5.60|US 45.80|XA 3.71|XF 4.50|XY 7.00|YC 7.20|GB 119.70|UB 68.80|YQ 370.00","370.0","0.0","262.30999999999995"
"UA","EWR","MYR","2310","20250724","805","20250724","1002","MYR","EWR","2630","20250727","1058","20250727","1304","E","S","461.97","USD:AY 11.20|US 30.10|XF 9.00|ZP 10.40","0.0","0.0","60.7"
"DL","LGA","MCO","2520","20250523","1545","20250523","1843","MCO","JFK","2049","20250525","1100","20250525","1344","E","T","466.96","USD:AY 11.20|US 30.44|XF 9.00|ZP 10.40","0.0","0.0","61.04"
"AA","LGA","MIA","3211","20250607","905","20250607","1221","MIA","EWR","2008","20250611","2122","20250612","29","E","O","226.96","USD:AY 11.20|US 13.70|XF 9.00|ZP 10.40","0.0","0.0","44.3"
"UA","EWR","MIA","1149","20250607","1629","20250607","1954","MIA","EWR","1826","20250611","600","20250611","905","E","G","226.96","USD:AY 11.20|US 13.70|XF 9.00|ZP 10.40","0.0","0.0","44.3"
"AA","LGA","MIA","970","20250607","805","20250607","1115","MIA","LGA","2213","20250611","1957","20250611","2259","E","O","226.96","USD:AY 11.20|US 13.70|XF 9.00|ZP 10.40","0.0","0.0","44.3"
"AA","EWR","MIA","1152","20250607","736","20250607","1043","MIA","LGA","605","20250611","900","20250611","1203","E","N","261.96","USD:AY 11.20|US 16.14|XF 9.00|ZP 10.40","0.0","0.0","46.74"
"AA","LGA","MIA","2850","20250607","1125","20250607","1433","MIA","JFK","688","20250611","954","20250611","1303","E","Q","261.96","USD:AY 11.20|US 16.14|XF 9.00|ZP 10.40","0.0","0.0","46.74"
"AA","JFK","DCA","4538","20250506","752","20250506","929","DCA","LGA","4393","20250508","1216","20250508","1329","E","N","446.97","USD:AY 11.20|US 29.05|XF 9.00|ZP 10.40","0.0","0.0","59.65"
"UA","EWR","DCA","3504","20250506","2000","20250506","2142","IAD","EWR","1870","20250508","830","20250508","959","E","V","451.97","USD:AY 11.20|US 29.40|XF 9.00|ZP 10.40","0.0","0.0","60.0"
"UA","EWR","DCA","4433","20250506","1310","20250506","1436","IAD","EWR","1651","20250508","1552","20250508","1720","E","V","451.97","USD:AY 11.20|US 29.40|XF 9.00|ZP 10.40","0.0","0.0","60.0"
"UA","EWR","DCA","4434","20250506","735","20250506","859","DCA","EWR","4446","20250508","1115","20250508","1237","E","M","739.97","USD:AY 11.20|US 49.49|XF 9.00|ZP 10.40","0.0","0.0","80.09"
"UA","EWR","ATL","1329","20250801","1728","20250801","2000","ATL","EWR","447","20250804","600","20250804","815","E","K","286.97","USD:AY 11.20|US 17.89|XF 9.00|ZP 10.40","0.0","0.0","48.49"
"UA","EWR","ATL","2699","20250801","1942","20250801","2213","ATL","EWR","555","20250804","1609","20250804","1829","E","K","286.97","USD:AY 11.20|US 17.89|XF 9.00|ZP 10.40","0.0","0.0","48.49"
"AC","EWR","YYZ","1391","20250507","630","20250507","816","YYZ","EWR","8876","20250604","1130","20250604","1303","B","D","918.32","USD:AY 5.60|US 58.43|XA 3.71|XF 4.50|XY 7.00|YC 7.20|CA 12.20|SQ 26.80|ZP 10.40|RC 3.48","0.0","0.0","139.32"
"AC","LGA","YYZ","8991","20250507","1420","20250507","1602","YYZ","LGA","722","20250604","1925","20250604","2059","B","C","1024.74","USD:AY 5.60|US 65.85|XA 3.71|XF 4.50|XY 7.00|YC 7.20|CA 12.20|SQ 26.80|ZP 10.40|RC 3.48","0.0","0.0","146.74"
"AC","LGA","YYZ","8991","20250507","1420","20250507","1602","YYZ","LGA","700","20250604","615","20250604","750","B","C","1024.74","USD:AY 5.60|US 65.85|XA 3.71|XF 4.50|XY 7.00|YC 7.20|CA 12.20|SQ 26.80|ZP 10.40|RC 3.48","0.0","0.0","146.74"
"UA","LGA","IAH","2617","20250606","955","20250606","1242","IAH","EWR","1444","20250608","2024","20250609","100","E","K","387.96","USD:AY 11.20|US 24.93|XF 9.00|ZP 10.40","0.0","0.0","55.53"
"UA","EWR","IAH","2425","20250606","2103","20250606","2355","IAH","EWR","1797","20250608","600","20250608","1034","E","L","461.97","USD:AY 11.20|US 30.10|XF 9.00|ZP 10.40","0.0","0.0","60.7"
"UA","EWR","IAH","1590","20250606","1415","20250606","1700","IAH","EWR","1646","20250608","1643","20250608","2129","E","W","585.97","USD:AY 11.20|US 38.75|XF 9.00|ZP 10.40","0.0","0.0","69.35"
"AA","JFK","HND","8495","20250708","140","20250709","440","HND","JFK","8496","20250720","1830","20250720","1830","E","S","2203.11","USD:AY 5.60|US 45.80|XA 3.71|XF 4.50|XY 7.00|YC 7.20|SW 20.40|TK 6.90|YR 392.00","0.0","392.0","101.11000000000001"
"UA","LGA","IAH","404","20250524","1758","20250524","2047","IAH","EWR","2608","20250528","1425","20250528","1911","E","L","617.97","USD:AY 11.20|US 40.98|XF 9.00|ZP 10.40","0.0","0.0","71.58"
"UA","EWR","MCO","2215","20250801","905","20250801","1156","MCO","EWR","370","20250809","745","20250809","1025","E","W","387.96","USD:AY 11.20|US 24.93|XF 9.00|ZP 10.40","0.0","0.0","55.53"
"EI","JFK","LHR","8874","20250519","1845","20250520","650","LHR","JFK","8813","20250528","1620","20250528","1925","E","K","1518.31","USD:AY 5.60|US 45.80|XA 3.71|XF 4.50|XY 7.00|YC 7.20|GB 119.70|UB 68.80|YQ 365.00","365.0","0.0","262.30999999999995"
"EI","JFK","LHR","8874","20250519","1845","20250520","650","LHR","JFK","8877","20250528","1320","20250528","1610","E","K","1937.31","USD:AY 5.60|US 45.80|XA 3.71|XF 4.50|XY 7.00|YC 7.20|GB 119.70|UB 68.80|YQ 410.00","410.0","0.0","262.30999999999995"
"AF","JFK","CDG","5","20250508","1830","20250509","805","CDG","JFK","6","20250514","1330","20250514","1545","E","R","907.81","USD:AY 5.60|US 45.80|XA 3.71|XF 4.50|XY 7.00|YC 7.20|FR 25.30|O4 45.20|QX 38.50|YQ 52.00|YR 375.00","52.0","375.0","182.80999999999995"
"TP","JFK","LIS","210","20250927","2205","20250928","1005","LIS","JFK","209","20251017","1700","20251017","2005","E","E","673.31","USD:AY 5.60|US 45.80|XA 3.71|XF 4.50|XY 7.00|YC 7.20|J9 2.30|PT 10.10|YP 32.10|YQ 213.00","213.0","0.0","118.31"
"UA","EWR","LAX","2641","20250810","1830","20250810","2126","LAX","EWR","1855","20250816","1330","20250816","2152","E","T","571.97","USD:AY 11.20|US 37.77|XF 9.00|ZP 10.40","0.0","0.0","68.37"
"UA","EWR","SNA","2050","20250810","735","20250810","1028","LAX","EWR","1950","20250816","1215","20250816","2057","E","V","706.97","USD:AY 11.20|US 47.19|XF 9.00|ZP 10.40","0.0","0.0","77.79"
"AA","JFK","LAX","1","20250810","700","20250810","959","SNA","JFK","2459","20250816","1226","20250816","2059","E","V","723.98","USD:AY 11.20|US 48.38|XF 9.00|ZP 10.40","0.0","0.0","78.98"
"UA","EWR","BOS","2630","20250508","1559","20250508","1721","BOS","EWR","1733","20250512","1107","20250512","1229","E","H","582.97","USD:AY 11.20|US 38.54|XF 9.00|ZP 10.40","0.0","0.0","69.14"
"BA","JFK","LHR","112","20250519","1830","20250520","630","LHR","JFK","1510","20250528","1700","20250528","1955","E","Q","717.31","USD:AY 5.60|US 45.80|XA 3.71|XF 4.50|XY 7.00|YC 7.20|GB 119.70|UB 68.80|YQ 379.00|YR 10.00","379.0","10.0","262.30999999999995"
"BA","JFK","LHR","112","20250519","1830","20250520","630","LHR","JFK","115","20250528","1440","20250528","1735","E","Q","717.31","USD:AY 5.60|US 45.80|XA 3.71|XF 4.50|XY 7.00|YC 7.20|GB 119.70|UB 68.80|YQ 379.00|YR 10.00","379.0","10.0","262.30999999999995"
"BA","JFK","LHR","174","20250519","1845","20250520","650","LHR","JFK","173","20250528","1135","20250528","1425","E","Q","733.31","USD:AY 5.60|US 45.80|XA 3.71|XF 4.50|XY 7.00|YC 7.20|GB 119.70|UB 68.80|YQ 395.00|YR 10.00","395.0","10.0","262.30999999999995"
"BA","JFK","LHR","1594","20250519","945","20250519","2140","LHR","JFK","175","20250528","1000","20250528","1245","E","S","821.31","USD:AY 5.60|US 45.80|XA 3.71|XF 4.50|XY 7.00|YC 7.20|GB 119.70|UB 68.80|YQ 390.00|YR 10.00","390.0","10.0","262.30999999999995"
"AA","EWR","SFO","7506","20250528","900","20250528","1233","SFO","EWR","7427","20250601","1011","20250601","1859","E","Q","536.6","USD:AY 11.20|US 35.30|XF 9.00|ZP 10.40","0.0","0.0","65.9"
"UA","EWR","SFO","1331","20250528","2015","20250528","2342","SFO","EWR","2480","20250601","1305","20250601","2147","E","L","641.96","USD:AY 11.20|US 42.65|XF 9.00|ZP 10.40","0.0","0.0","73.25"
"AA","EWR","DFW","1796","20250507","1223","20250507","1525","DFW","JFK","2970","20250510","855","20250510","1330","E","K","886.97","USD:AY 11.20|US 59.75|XF 9.00|ZP 10.40","0.0","0.0","90.35"
"AA","EWR","DFW","1796","20250507","1223","20250507","1525","DFW","EWR","618","20250510","1929","20250510","2355","E","K","886.97","USD:AY 11.20|US 59.75|XF 9.00|ZP 10.40","0.0","0.0","90.35"
"AA","LGA","DFW","3287","20250507","1800","20250507","2102","DFW","EWR","1794","20250510","1137","20250510","1559","E","K","886.97","USD:AY 11.20|US 59.75|XF 9.00|ZP 10.40","0.0","0.0","90.35"
"AA","EWR","DFW","2728","20250507","600","20250507","905","DFW","JFK","2970","20250510","855","20250510","1330","E","K","886.97","USD:AY 11.20|US 59.75|XF 9.00|ZP 10.40","0.0","0.0","90.35"
"AA","LGA","DFW","2913","20250507","2000","20250507","2303","DFW","LGA","1043","20250510","941","20250510","1402","E","K","886.97","USD:AY 11.20|US 59.75|XF 9.00|ZP 10.40","0.0","0.0","90.35"
"AA","JFK","MIA","3238","20250603","610","20250603","907","MIA","JFK","525","20250607","657","20250607","1000","E","O","241.97","USD:AY 11.20|US 14.75|XF 9.00|ZP 10.40","0.0","0.0","45.35"
"AA","LGA","MIA","3211","20250603","915","20250603","1232","MIA","LGA","1029","20250607","959","20250607","1310","E","O","261.96","USD:AY 11.20|US 16.14|XF 9.00|ZP 10.40","0.0","0.0","46.74"
"AA","JFK","MIA","1535","20250603","659","20250603","1005","MIA","EWR","1801","20250607","835","20250607","1139","E","O","291.96","USD:AY 11.20|US 18.23|XF 9.00|ZP 10.40","0.0","0.0","48.83"
"DL","JFK","LAS","795","20250605","715","20250605","955","LAS","JFK","568","20250608","2325","20250609","730","E","M","1236.97","USD:AY 11.20|US 84.17|XF 9.00|ZP 10.40","0.0","0.0","114.77"
"OS","EWR","LHR","7792","20250603","2305","20250604","1125","LHR","EWR","7793","20250613","930","20250613","1245","E","L","973.31","USD:AY 5.60|US 45.80|XA 3.71|XF 4.50|XY 7.00|YC 7.20|GB 119.70|UB 68.80|YQ 290.00|YR 25.00","290.0","25.0","262.30999999999995"
"OS","EWR","LHR","7800","20250603","1725","20250604","555","LHR","EWR","7791","20250613","800","20250613","1105","E","L","973.31","USD:AY 5.60|US 45.80|XA 3.71|XF 4.50|XY 7.00|YC 7.20|GB 119.70|UB 68.80|YQ 290.00|YR 25.00","290.0","25.0","262.30999999999995"
"AY","JFK","LHR","5478","20250603","750","20250603","1945","LHR","JFK","5477","20250613","1320","20250613","1610","E","O","1163.31","USD:AY 5.60|US 45.80|XA 3.71|XF 4.50|XY 7.00|YC 7.20|GB 119.70|UB 68.80|YQ 30.00|YR 445.00","30.0","445.0","262.30999999999995"
"AY","JFK","LHR","5512","20250603","1830","20250604","630","LHR","JFK","5483","20250613","1940","20250613","2230","E","L","1643.31","USD:AY 5.60|US 45.80|XA 3.71|XF 4.50|XY 7.00|YC 7.20|GB 119.70|UB 68.80|YQ 30.00|YR 470.00","30.0","470.0","262.30999999999995"
"OS","EWR","LHR","7796","20250603","1815","20250604","645","LHR","EWR","7799","20250613","1800","20250613","2120","E","B","3972.31","USD:AY 5.60|US 45.80|XA 3.71|XF 4.50|XY 7.00|YC 7.20|GB 119.70|UB 68.80|YQ 370.00|YR 25.00","370.0","25.0","262.30999999999995"
"LH","EWR","LHR","7624","20250603","2305","20250604","1125","LHR","EWR","7625","20250613","1200","20250613","1515","E","B","3972.31","USD:AY 5.60|US 45.80|XA 3.71|XF 4.50|XY 7.00|YC 7.20|GB 119.70|UB 68.80|YQ 370.00|YR 25.00","370.0","25.0","262.30999999999995"
"UA","LGA","ORD","2618","20250511","1125","20250511","1306","ORD","EWR","2362","20250517","2017","20250517","2337","E","W","365.97","USD:AY 11.20|US 23.40|XF 9.00|ZP 10.40","0.0","0.0","54.0"
"UA","EWR","ORD","2337","20250511","900","20250511","1045","ORD","LGA","293","20250517","1055","20250517","1411","E","Q","506.96","USD:AY 11.20|US 33.23|XF 9.00|ZP 10.40","0.0","0.0","63.83"
"AA","EWR","ORD","3868","20250511","1730","20250511","1911","ORD","JFK","532","20250517","1145","20250517","1500","E","K","591.97","USD:AY 11.20|US 39.17|XF 9.00|ZP 10.40","0.0","0.0","69.77"
"AS","EWR","SFO","373","20250821","730","20250821","1039","SFO","JFK","20","20250823","1330","20250823","2217","E","X","381.6","USD:AY 11.20|US 24.49|XF 9.00|ZP 10.40","0.0","0.0","55.09"
"AS","JFK","SFO","41","20250821","2029","20250821","2344","SFO","EWR","374","20250823","2217","20250824","659","E","X","386.6","USD:AY 11.20|US 24.84|XF 9.00|ZP 10.40","0.0","0.0","55.44"
"UA","EWR","SFO","2328","20250821","1600","20250821","1904","SFO","EWR","2209","20250823","1135","20250823","2017","E","K","621.96","USD:AY 11.20|US 41.26|XF 9.00|ZP 10.40","0.0","0.0","71.86"
"FI","JFK","KEF","618","20250610","2310","20250611","855","KEF","EWR","623","20250617","1700","20250617","1910","E","N","486.91","USD:AY 5.60|US 45.80|XA 3.71|XF 4.50|XY 7.00|YC 7.20|IS 29.60|T1 3.20|ZU 7.30|YR 190.00","0.0","190.0","113.91000000000003"
"AF","JFK","LHR","6753","20250524","1800","20250525","625","LHR","JFK","6752","20250530","935","20250530","1245","B","Z","3411.91","USD:AY 5.60|US 45.80|XA 3.71|XF 4.50|XY 7.00|YC 7.20|GB 287.30|UB 68.80|YQ 52.00|YR 2080.00","52.0","2080.0","429.90999999999985"
"BA","JFK","LHR","116","20250524","2005","20250525","815","LHR","EWR","185","20250530","1110","20250530","1355","B","I","5177.91","USD:AY 5.60|US 45.80|XA 3.71|XF 4.50|XY 7.00|YC 7.20|GB 287.30|UB 68.80|YQ 2050.00|YR 30.00","2050.0","30.0","429.90999999999985"
"AS","JFK","LHR","5256","20250524","2055","20250525","910","LHR","JFK","5295","20250530","1320","20250530","1610","B","C","6649.91","USD:AY 5.60|US 45.80|XA 3.71|XF 4.50|XY 7.00|YC 7.20|GB 287.30|UB 68.80","0.0","0.0","429.91"
"KL","JFK","LHR","2505","20250524","810","20250524","2000","LHR","JFK","2504","20250530","1255","20250530","1600","B","D","7861.91","USD:AY 5.60|US 45.80|XA 3.71|XF 4.50|XY 7.00|YC 7.20|GB 287.30|UB 68.80|YQ 52.00|YR 2080.00","52.0","2080.0","429.90999999999985"
"UA","EWR","SAN","1626","20250506","1653","20250506","2003","SAN","EWR","427","20250507","2125","20250508","543","E","V","868.97","USD:AY 11.20|US 58.49|XF 9.00|ZP 10.40","0.0","0.0","89.09"
"UA","EWR","SAN","1826","20250506","703","20250506","1008","SAN","EWR","1827","20250507","2225","20250508","641","E","V","868.97","USD:AY 11.20|US 58.49|XF 9.00|ZP 10.40","0.0","0.0","89.09"
"UA","EWR","LAS","1548","20250529","1645","20250529","1915","LAS","EWR","1909","20250604","959","20250604","1803","E","V","596.96","USD:AY 11.20|US 39.51|XF 9.00|ZP 10.40","0.0","0.0","70.11"
"HA","EWR","SFO","4903","20250620","900","20250620","1213","SFO","JFK","6987","20250705","905","20250705","1747","E","U","426.6","USD:AY 11.20|US 27.63|XF 9.00|ZP 10.40","0.0","0.0","58.23"
"UA","EWR","LAX","2445","20250526","900","20250526","1158","SNA","EWR","1383","20250529","1237","20250529","2104","E","S","622.97","USD:AY 11.20|US 41.33|XF 9.00|ZP 10.40","0.0","0.0","71.93"
"AA","JFK","SNA","2459","20250526","937","20250526","1300","LAX","JFK","28","20250529","2255","20250530","722","E","L","672.98","USD:AY 11.20|US 44.82|XF 9.00|ZP 10.40","0.0","0.0","75.42"
"TS","EWR","YTZ","7357","20250603","650","20250603","830","YTZ","EWR","7134","20250610","1250","20250610","1420","E","Q","233.44","USD:AY 5.60|US 11.10|XA 3.71|XF 4.50|XY 7.00|YC 7.20|CA 12.20|SQ 21.00|ZP 10.40|RC 2.73","0.0","0.0","85.44"
"PD","EWR","YTZ","2122","20250603","855","20250603","1035","YYZ","LGA","605","20250610","1450","20250610","1630","E","L","295.89","USD:AY 5.60|US 15.00|XA 3.71|XF 4.50|XY 7.00|YC 7.20|CA 12.20|SQ 26.80|ZP 10.40|RC 3.48","0.0","0.0","95.89"
"AA","LGA","MIA","2039","20250529","1130","20250529","1441","MIA","LGA","2271","20250602","1804","20250602","2100","E","Q","287.97","USD:AY 11.20|US 17.96|XF 9.00|ZP 10.40","0.0","0.0","48.56"
"AA","JFK","MIA","2603","20250529","2030","20250529","2343","MIA","LGA","3070","20250602","1517","20250602","1806","E","S","346.96","USD:AY 11.20|US 22.07|XF 9.00|ZP 10.40","0.0","0.0","52.67"
"AA","LGA","MIA","1530","20250529","600","20250529","910","MIA","EWR","322","20250602","1447","20250602","1747","E","O","432.96","USD:AY 11.20|US 28.07|XF 9.00|ZP 10.40","0.0","0.0","58.67"
"KE","JFK","ICN","86","20250506","50","20250507","520","ICN","JFK","85","20250510","1930","20250510","2100","E","L","2437.81","USD:AY 5.60|US 45.80|XA 3.71|XF 4.50|XY 7.00|YC 7.20|BP 17.20|YQ 1.80|YR 510.00","1.8","510.0","91.00999999999999"
"AA","EWR","ORD","3354","20250510","1930","20250510","2121","ORD","LGA","2865","20250511","1022","20250511","1327","E","L","564.97","USD:AY 11.20|US 37.28|XF 9.00|ZP 10.40","0.0","0.0","67.88"
"EI","JFK","LHR","8876","20250619","1930","20250620","745","LHR","EWR","8889","20250628","1635","20250628","1925","E","N","1487.31","USD:AY 5.60|US 45.80|XA 3.71|XF 4.50|XY 7.00|YC 7.20|GB 119.70|UB 68.80|YQ 570.00","570.0","0.0","262.30999999999995"
"EI","JFK","LHR","8872","20250619","2055","20250620","910","LHR","EWR","8885","20250628","1110","20250628","1355","E","N","3241.31","USD:AY 5.60|US 45.80|XA 3.71|XF 4.50|XY 7.00|YC 7.20|GB 119.70|UB 68.80|YQ 570.00","570.0","0.0","262.30999999999995"
"EI","EWR","LHR","8888","20250619","2125","20250620","930","LHR","JFK","8815","20250628","1440","20250628","1735","E","Y","3446.31","USD:AY 5.60|US 45.80|XA 3.71|XF 4.50|XY 7.00|YC 7.20|GB 119.70|UB 68.80|YQ 590.00","590.0","0.0","262.30999999999995"
"EI","EWR","LHR","8884","20250619","1755","20250620","550","LHR","JFK","8817","20250628","825","20250628","1110","E","Y","3446.31","USD:AY 5.60|US 45.80|XA 3.71|XF 4.50|XY 7.00|YC 7.20|GB 119.70|UB 68.80|YQ 590.00","590.0","0.0","262.30999999999995"
"UA","EWR","FLL","1544","20250515","600","20250515","901","FLL","EWR","2001","20250518","1528","20250518","1837","E","L","492.97","USD:AY 11.20|US 32.26|XF 9.00|ZP 10.40","0.0","0.0","62.86"
"UA","EWR","CMH","3671","20250717","1329","20250717","1519","CMH","EWR","3559","20250721","600","20250721","747","F","P","453.96","USD:AY 11.20|US 29.54|XF 9.00|ZP 10.40","0.0","0.0","60.14"
"JL","JFK","HND","3","20250530","140","20250531","440","HND","JFK","6","20250603","1105","20250603","1105","E","S","2260.71","USD:AY 5.60|US 45.80|XA 3.71|XF 4.50|XY 7.00|YC 7.20|SW 20.40|TK 6.90|YQ 399.60","399.6","0.0","101.10999999999996"
"BA","JFK","LHR","172","20251127","2040","20251128","840","LHR","JFK","183","20251130","1950","20251130","2255","E","O","708.31","USD:AY 5.60|US 45.80|XA 3.71|XF 4.50|XY 7.00|YC 7.20|GB 119.70|UB 68.80|YQ 370.00|YR 10.00","370.0","10.0","262.30999999999995"
"VS","JFK","LHR","10","20251127","2100","20251128","855","LHR","JFK","9","20251130","1600","20251130","1859","E","T","718.31","USD:AY 5.60|US 45.80|XA 3.71|XF 4.50|XY 7.00|YC 7.20|GB 119.70|UB 68.80|YQ 365.00|YR 10.00","365.0","10.0","262.30999999999995"
"VS","JFK","LHR","4","20251127","1800","20251128","625","LHR","JFK","25","20251130","2000","20251130","2259","E","T","718.31","USD:AY 5.60|US 45.80|XA 3.71|XF 4.50|XY 7.00|YC 7.20|GB 119.70|UB 68.80|YQ 365.00|YR 10.00","365.0","10.0","262.30999999999995"
"BA","JFK","LHR","112","20251127","1830","20251128","630","LHR","JFK","117","20251130","820","20251130","1125","E","O","753.31","USD:AY 5.60|US 45.80|XA 3.71|XF 4.50|XY 7.00|YC 7.20|GB 119.70|UB 68.80|YQ 370.00|YR 10.00","370.0","10.0","262.30999999999995"
"AS","JFK","LHR","5258","20251127","1845","20251128","645","LHR","JFK","5259","20251130","935","20251130","1240","E","O","1243.31","USD:AY 5.60|US 45.80|XA 3.71|XF 4.50|XY 7.00|YC 7.20|GB 119.70|UB 68.80","0.0","0.0","262.31"
"IB","JFK","LHR","3544","20251127","2005","20251128","810","LHR","JFK","3541","20251130","1625","20251130","1935","E","M","1270.31","USD:AY 5.60|US 45.80|XA 3.71|XF 4.50|XY 7.00|YC 7.20|GB 119.70|UB 68.80|YQ 385.00|YR 10.00","385.0","10.0","262.30999999999995"
"UA","EWR","ATL","742","20250510","1558","20250510","1828","ATL","EWR","555","20250512","1537","20250512","1800","E","S","1107.97","USD:AY 11.20|US 75.17|XF 9.00|ZP 10.40","0.0","0.0","105.77"
"DL","JFK","LAX","767","20250615","1155","20250615","1505","LAX","JFK","915","20250623","2355","20250624","830","E","L","487.97","USD:AY 11.20|US 31.91|XF 9.00|ZP 10.40","0.0","0.0","62.51"
"DL","JFK","LAX","738","20250615","1510","20250615","1827","LAX","JFK","958","20250623","905","20250623","1757","E","U","648.96","USD:AY 11.20|US 43.14|XF 9.00|ZP 10.40","0.0","0.0","73.74"
"DL","JFK","LAX","747","20250615","1355","20250615","1708","LAX","JFK","938","20250623","1010","20250623","1910","E","U","706.96","USD:AY 11.20|US 47.19|XF 9.00|ZP 10.40","0.0","0.0","77.79"
"AA","JFK","IND","4586","20250505","1850","20250505","2117","IND","LGA","4797","20250509","645","20250509","848","E","S","596.97","USD:AY 11.20|US 39.51|XF 9.00|ZP 10.40","0.0","0.0","70.11"
"AA","JFK","LAX","306","20250615","1629","20250615","1936","LAX","JFK","238","20250623","1021","20250623","1859","E","G","672.97","USD:AY 11.20|US 44.82|XF 9.00|ZP 10.40","0.0","0.0","75.42"
"AA","JFK","LAX","3","20250615","1100","20250615","1403","LAX","JFK","274","20250623","1230","20250623","2107","E","V","748.97","USD:AY 11.20|US 50.12|XF 9.00|ZP 10.40","0.0","0.0","80.72"
"AA","JFK","LAX","341","20250615","1524","20250615","1836","LAX","JFK","307","20250623","819","20250623","1658","E","G","766.98","USD:AY 11.20|US 51.38|XF 9.00|ZP 10.40","0.0","0.0","81.98"
"TK","JFK","IST","12","20250723","35","20250723","1715","IST","JFK","1","20250803","1410","20250803","1755","E","W","957.81","USD:AY 5.60|US 45.80|XA 3.71|XF 4.50|XY 7.00|YC 7.20|M6 3.40|TR 22.60|YQ 24.00|YR 320.00","24.0","320.0","99.81"
"TK","JFK","IST","2","20250723","1950","20250724","1255","IST","JFK","1","20250803","1410","20250803","1755","E","W","987.81","USD:AY 5.60|US 45.80|XA 3.71|XF 4.50|XY 7.00|YC 7.20|M6 3.40|TR 22.60|YQ 24.00|YR 320.00","24.0","320.0","99.81"
"PD","EWR","YTZ","2134","20250508","1505","20250508","1645","YTZ","EWR","2147","20250511","2040","20250511","2210","E","D","436.62","USD:AY 5.60|US 25.28|XA 3.71|XF 4.50|XY 7.00|YC 7.20|CA 12.20|SQ 21.00|ZP 10.40|RC 2.73","0.0","0.0","99.62"
"UA","EWR","SJU","1543","20250815","1953","20250815","2357","SJU","EWR","2036","20250822","1455","20250822","1905","E","W","708.0","USD:AY 11.20|US 45.80|XF 9.00","0.0","0.0","66.0"
"AC","LGA","YYZ","703","20250524","725","20250524","907","YYZ","EWR","8878","20250623","1355","20250623","1532","E","G","231.39","USD:AY 5.60|US 10.50|XA 3.71|XF 4.50|XY 7.00|YC 7.20|CA 12.20|SQ 26.80|ZP 10.40|RC 3.48","0.0","0.0","91.39"
"UA","EWR","YYZ","3400","20250524","1203","20250524","1347","YYZ","JFK","6634","20250623","2055","20250623","2249","E","G","295.89","USD:AY 5.60|US 15.00|XA 3.71|XF 4.50|XY 7.00|YC 7.20|CA 12.20|SQ 26.80|ZP 10.40|RC 3.48","0.0","0.0","95.89"
"AC","LGA","YYZ","703","20250524","725","20250524","907","YYZ","LGA","8540","20250623","750","20250623","923","E","G","301.27","USD:AY 5.60|US 15.38|XA 3.71|XF 4.50|XY 7.00|YC 7.20|CA 12.20|SQ 26.80|ZP 10.40|RC 3.48","0.0","0.0","96.27"
"UA","EWR","YYZ","3557","20250524","1704","20250524","1900","YYZ","EWR","8660","20250623","1355","20250623","1532","E","G","301.27","USD:AY 5.60|US 15.38|XA 3.71|XF 4.50|XY 7.00|YC 7.20|CA 12.20|SQ 26.80|ZP 10.40|RC 3.48","0.0","0.0","96.27"
"UA","LGA","YYZ","8229","20250524","725","20250524","907","YYZ","EWR","3435","20250623","730","20250623","904","E","G","306.64","USD:AY 5.60|US 15.75|XA 3.71|XF 4.50|XY 7.00|YC 7.20|CA 12.20|SQ 26.80|ZP 10.40|RC 3.48","0.0","0.0","96.64"
"AC","LGA","YYZ","8995","20250524","1910","20250524","2052","YYZ","JFK","8554","20250623","1325","20250623","1515","E","K","315.24","USD:AY 5.60|US 16.35|XA 3.71|XF 4.50|XY 7.00|YC 7.20|CA 12.20|SQ 26.80|ZP 10.40|RC 3.48","0.0","0.0","97.24"
"AC","EWR","YYZ","3258","20250524","1704","20250524","1900","YYZ","EWR","8876","20250623","1130","20250623","1307","E","G","317.39","USD:AY 5.60|US 16.50|XA 3.71|XF 4.50|XY 7.00|YC 7.20|CA 12.20|SQ 26.80|ZP 10.40|RC 3.48","0.0","0.0","97.39"
"AC","EWR","YYZ","1395","20250524","1100","20250524","1246","YYZ","JFK","8552","20250623","755","20250623","945","E","K","320.62","USD:AY 5.60|US 16.73|XA 3.71|XF 4.50|XY 7.00|YC 7.20|CA 12.20|SQ 26.80|ZP 10.40|RC 3.48","0.0","0.0","97.62"
"AC","LGA","YYZ","8997","20250524","1945","20250524","2127","YYZ","EWR","3712","20250623","1800","20250623","1948","E","K","320.62","USD:AY 5.60|US 16.73|XA 3.71|XF 4.50|XY 7.00|YC 7.20|CA 12.20|SQ 26.80|ZP 10.40|RC 3.48","0.0","0.0","97.62"
"AC","LGA","YYZ","705","20250524","830","20250524","1010","YYZ","EWR","8880","20250623","1600","20250623","1737","E","K","320.62","USD:AY 5.60|US 16.73|XA 3.71|XF 4.50|XY 7.00|YC 7.20|CA 12.20|SQ 26.80|ZP 10.40|RC 3.48","0.0","0.0","97.62"
"AC","LGA","YYZ","709","20250524","1140","20250524","1320","YYZ","EWR","8878","20250623","1355","20250623","1532","E","K","320.62","USD:AY 5.60|US 16.73|XA 3.71|XF 4.50|XY 7.00|YC 7.20|CA 12.20|SQ 26.80|ZP 10.40|RC 3.48","0.0","0.0","97.62"
"UA","EWR","YYZ","8436","20250524","1355","20250524","1538","YYZ","LGA","8146","20250623","2100","20250623","2233","E","L","335.67","USD:AY 5.60|US 17.78|XA 3.71|XF 4.50|XY 7.00|YC 7.20|CA 12.20|SQ 26.80|ZP 10.40|RC 3.48","0.0","0.0","98.67"
"AC","LGA","YYZ","707","20250524","1030","20250524","1212","YYZ","EWR","8876","20250623","1130","20250623","1307","E","L","337.82","USD:AY 5.60|US 17.93|XA 3.71|XF 4.50|XY 7.00|YC 7.20|CA 12.20|SQ 26.80|ZP 10.40|RC 3.48","0.0","0.0","98.82"
"UA","LGA","YYZ","8573","20250524","1030","20250524","1212","YYZ","LGA","8236","20250623","1825","20250623","1958","E","T","355.02","USD:AY 5.60|US 19.13|XA 3.71|XF 4.50|XY 7.00|YC 7.20|CA 12.20|SQ 26.80|ZP 10.40|RC 3.48","0.0","0.0","100.02"
"AC","EWR","YYZ","8875","20250524","900","20250524","1043","YYZ","LGA","704","20250623","920","20250623","1053","E","S","367.92","USD:AY 5.60|US 20.03|XA 3.71|XF 4.50|XY 7.00|YC 7.20|CA 12.20|SQ 26.80|ZP 10.40|RC 3.48","0.0","0.0","100.92"
"AC","EWR","YYZ","8881","20250524","1630","20250524","1809","YYZ","LGA","8994","20250623","1730","20250623","1903","E","K","395.87","USD:AY 5.60|US 21.98|XA 3.71|XF 4.50|XY 7.00|YC 7.20|CA 12.20|SQ 26.80|ZP 10.40|RC 3.48","0.0","0.0","102.87"
"UA","LGA","YYZ","8239","20250524","1945","20250524","2127","YYZ","LGA","8226","20250623","920","20250623","1053","E","T","430.27","USD:AY 5.60|US 24.38|XA 3.71|XF 4.50|XY 7.00|YC 7.20|CA 12.20|SQ 26.80|ZP 10.40|RC 3.48","0.0","0.0","105.27"
"AC","JFK","YYZ","8553","20250524","1030","20250524","1215","YYZ","JFK","8556","20250623","2055","20250623","2249","E","Q","501.22","USD:AY 5.60|US 29.33|XA 3.71|XF 4.50|XY 7.00|YC 7.20|CA 12.20|SQ 26.80|ZP 10.40|RC 3.48","0.0","0.0","110.22"
"AM","EWR","MEX","411","20260102","705","20260102","1150","MEX","JFK","408","20260117","715","20260117","1250","E","H","1008.16","USD:AY 5.60|US 45.80|XA 3.71|XF 4.50|XY 7.00|YC 7.20|S1 11.10|UK 42.84|XD 65.41","0.0","0.0","193.16"
"VS","JFK","LHR","138","20250810","2325","20250811","1125","LHR","JFK","9","20250814","1255","20250814","1600","E","T","638.31","USD:AY 5.60|US 45.80|XA 3.71|XF 4.50|XY 7.00|YC 7.20|GB 119.70|UB 68.80|YQ 365.00|YR 10.00","365.0","10.0","262.30999999999995"
"DL","JFK","LHR","5994","20250810","1800","20250811","625","LHR","JFK","5922","20250814","1650","20250814","1940","E","E","638.31","USD:AY 5.60|US 45.80|XA 3.71|XF 4.50|XY 7.00|YC 7.20|GB 119.70|UB 68.80|YQ 10.00|YR 365.00","10.0","365.0","262.30999999999995"
"DL","JFK","LHR","5923","20250810","2130","20250811","950","LHR","JFK","4","20250814","1605","20250814","1930","E","E","638.31","USD:AY 5.60|US 45.80|XA 3.71|XF 4.50|XY 7.00|YC 7.20|GB 119.70|UB 68.80|YQ 10.00|YR 365.00","10.0","365.0","262.30999999999995"
"KL","JFK","LGW","6121","20250810","2135","20250811","1000","LGW","JFK","6128","20250814","1200","20250814","1525","E","V","648.61","USD:AY 5.60|US 45.80|XA 3.71|XF 4.50|XY 7.00|YC 7.20|GB 119.70|UB 27.10|YQ 52.00|YR 375.00","52.0","375.0","220.61"
"AF","JFK","LHR","9917","20250810","2325","20250811","1125","LHR","JFK","3600","20250814","1605","20250814","1930","E","V","690.31","USD:AY 5.60|US 45.80|XA 3.71|XF 4.50|XY 7.00|YC 7.20|GB 119.70|UB 68.80|YQ 52.00|YR 375.00","52.0","375.0","262.30999999999995"
"IB","JFK","LHR","4614","20250810","945","20250810","2140","LHR","JFK","3567","20250814","1940","20250814","2230","E","O","866.31","USD:AY 5.60|US 45.80|XA 3.71|XF 4.50|XY 7.00|YC 7.20|GB 119.70|UB 68.80|YQ 365.00|YR 10.00","365.0","10.0","262.30999999999995"
"IB","JFK","LHR","3564","20250810","750","20250810","1945","LHR","JFK","4219","20250814","945","20250814","1240","E","Q","896.31","USD:AY 5.60|US 45.80|XA 3.71|XF 4.50|XY 7.00|YC 7.20|GB 119.70|UB 68.80|YQ 365.00|YR 10.00","365.0","10.0","262.30999999999995"
"IB","JFK","LHR","3558","20250810","2055","20250811","910","LHR","JFK","3559","20250814","1135","20250814","1425","E","Q","938.31","USD:AY 5.60|US 45.80|XA 3.71|XF 4.50|XY 7.00|YC 7.20|GB 119.70|UB 68.80|YQ 370.00|YR 10.00","370.0","10.0","262.30999999999995"
"EI","JFK","LHR","8882","20250810","2310","20250811","1115","LHR","EWR","8889","20250814","1635","20250814","1925","E","O","1083.31","USD:AY 5.60|US 45.80|XA 3.71|XF 4.50|XY 7.00|YC 7.20|GB 119.70|UB 68.80|YQ 385.00","385.0","0.0","262.30999999999995"
"EI","JFK","LGW","8272","20250810","1945","20250811","750","LHR","JFK","8877","20250814","1320","20250814","1610","E","O","1083.31","USD:AY 5.60|US 45.80|XA 3.71|XF 4.50|XY 7.00|YC 7.20|GB 119.70|UB 68.80|YQ 385.00","385.0","0.0","262.30999999999995"
"LY","EWR","TLV","26","20250611","2100","20250612","1425","TLV","JFK","1","20250622","100","20250622","550","E","S","2200.49","USD:AP 8.00|AY 5.60|US 45.80|XA 3.71|XF 4.50|XY 7.00|YC 7.20|IL 29.68","0.0","0.0","111.49"
"VS","JFK","LHR","46","20250622","2100","20250623","915","LHR","JFK","153","20250627","1650","20250627","1940","E","T","1124.31","USD:AY 5.60|US 45.80|XA 3.71|XF 4.50|XY 7.00|YC 7.20|GB 119.70|UB 68.80|YQ 550.00|YR 10.00","550.0","10.0","262.30999999999995"
"VS","JFK","LHR","4000","20250622","2020","20250623","850","LHR","JFK","137","20250627","1855","20250627","2129","E","T","1124.31","USD:AY 5.60|US 45.80|XA 3.71|XF 4.50|XY 7.00|YC 7.20|GB 119.70|UB 68.80|YQ 550.00|YR 10.00","550.0","10.0","262.30999999999995"
"UA","EWR","LHR","16","20250622","1815","20250623","645","LHR","EWR","147","20250627","1300","20250627","1620","E","T","1124.31","USD:AY 5.60|US 45.80|XA 3.71|XF 4.50|XY 7.00|YC 7.20|GB 119.70|UB 68.80|YQ 370.00","370.0","0.0","262.30999999999995"
"UA","EWR","LHR","904","20250622","2050","20250623","920","LHR","EWR","883","20250627","800","20250627","1105","E","T","1124.31","USD:AY 5.60|US 45.80|XA 3.71|XF 4.50|XY 7.00|YC 7.20|GB 119.70|UB 68.80|YQ 370.00","370.0","0.0","262.30999999999995"
"EI","JFK","LHR","8816","20250622","2005","20250623","815","LHR","JFK","8813","20250627","1620","20250627","1925","E","N","1394.31","USD:AY 5.60|US 45.80|XA 3.71|XF 4.50|XY 7.00|YC 7.20|GB 119.70|UB 68.80|YQ 590.00","590.0","0.0","262.30999999999995"
"AC","LGA","YYZ","703","20250529","725","20250529","907","YYZ","LGA","8994","20250604","1730","20250604","1905","E","G","188.39","USD:AY 5.60|US 7.50|XA 3.71|XF 4.50|XY 7.00|YC 7.20|CA 12.20|SQ 26.80|ZP 10.40|RC 3.48","0.0","0.0","88.39"
"AC","JFK","YYZ","8551","20250529","655","20250529","841","YYZ","LGA","8540","20250604","750","20250604","926","E","G","188.39","USD:AY 5.60|US 7.50|XA 3.71|XF 4.50|XY 7.00|YC 7.20|CA 12.20|SQ 26.80|ZP 10.40|RC 3.48","0.0","0.0","88.39"
"TS","LGA","YYZ","7212","20250529","1730","20250529","1910","YYZ","LGA","7209","20250604","1450","20250604","1630","E","Q","218.49","USD:AY 5.60|US 9.60|XA 3.71|XF 4.50|XY 7.00|YC 7.20|CA 12.20|SQ 26.80|ZP 10.40|RC 3.48","0.0","0.0","90.49"
"AC","JFK","YYZ","8555","20250529","1540","20250529","1725","YYZ","LGA","724","20250604","2100","20250604","2236","E","K","262.57","USD:AY 5.60|US 12.68|XA 3.71|XF 4.50|XY 7.00|YC 7.20|CA 12.20|SQ 26.80|ZP 10.40|RC 3.48","0.0","0.0","93.57"
"UA","JFK","YYZ","6607","20250529","655","20250529","841","YYZ","LGA","8146","20250604","2100","20250604","2236","E","G","263.64","USD:AY 5.60|US 12.75|XA 3.71|XF 4.50|XY 7.00|YC 7.20|CA 12.20|SQ 26.80|ZP 10.40|RC 3.48","0.0","0.0","93.64"
"UA","JFK","YYZ","6607","20250529","655","20250529","841","YYZ","LGA","8572","20250604","615","20250604","750","E","G","263.64","USD:AY 5.60|US 12.75|XA 3.71|XF 4.50|XY 7.00|YC 7.20|CA 12.20|SQ 26.80|ZP 10.40|RC 3.48","0.0","0.0","93.64"
"UA","JFK","YYZ","6607","20250529","655","20250529","841","YYZ","LGA","8236","20250604","1825","20250604","1959","E","G","263.64","USD:AY 5.60|US 12.75|XA 3.71|XF 4.50|XY 7.00|YC 7.20|CA 12.20|SQ 26.80|ZP 10.40|RC 3.48","0.0","0.0","93.64"
"UA","EWR","YYZ","3434","20250529","2021","20250529","2223","YYZ","LGA","8226","20250604","915","20250604","1051","E","G","269.02","USD:AY 5.60|US 13.13|XA 3.71|XF 4.50|XY 7.00|YC 7.20|CA 12.20|SQ 26.80|ZP 10.40|RC 3.48","0.0","0.0","94.02"
"UA","EWR","YYZ","8430","20250529","1100","20250529","1246","YYZ","LGA","8232","20250604","1730","20250604","1905","E","G","269.02","USD:AY 5.60|US 13.13|XA 3.71|XF 4.50|XY 7.00|YC 7.20|CA 12.20|SQ 26.80|ZP 10.40|RC 3.48","0.0","0.0","94.02"
"AC","LGA","YYZ","715","20250529","1645","20250529","1825","YYZ","EWR","8876","20250604","1130","20250604","1303","E","K","273.32","USD:AY 5.60|US 13.43|XA 3.71|XF 4.50|XY 7.00|YC 7.20|CA 12.20|SQ 26.80|ZP 10.40|RC 3.48","0.0","0.0","94.32"
"AC","EWR","YYZ","3006","20250529","737","20250529","919","YYZ","JFK","8556","20250604","2055","20250604","2245","E","G","274.39","USD:AY 5.60|US 13.50|XA 3.71|XF 4.50|XY 7.00|YC 7.20|CA 12.20|SQ 26.80|ZP 10.40|RC 3.48","0.0","0.0","94.39"
"AC","EWR","YYZ","1399","20250529","1955","20250529","2145","YYZ","LGA","8990","20250604","1325","20250604","1459","E","K","279.77","USD:AY 5.60|US 13.88|XA 3.71|XF 4.50|XY 7.00|YC 7.20|CA 12.20|SQ 26.80|ZP 10.40|RC 3.48","0.0","0.0","94.77"
"AC","EWR","YYZ","8875","20250529","900","20250529","1043","YYZ","EWR","8878","20250604","1355","20250604","1534","E","G","285.14","USD:AY 5.60|US 14.25|XA 3.71|XF 4.50|XY 7.00|YC 7.20|CA 12.20|SQ 26.80|ZP 10.40|RC 3.48","0.0","0.0","95.14"
"UA","LGA","YYZ","8233","20250529","1645","20250529","1825","YYZ","LGA","8572","20250604","615","20250604","750","E","K","316.32","USD:AY 5.60|US 16.43|XA 3.71|XF 4.50|XY 7.00|YC 7.20|CA 12.20|SQ 26.80|ZP 10.40|RC 3.48","0.0","0.0","97.32"
"UA","EWR","YYZ","8432","20250529","1630","20250529","1815","YYZ","JFK","6634","20250604","2055","20250604","2245","E","K","317.39","USD:AY 5.60|US 16.50|XA 3.71|XF 4.50|XY 7.00|YC 7.20|CA 12.20|SQ 26.80|ZP 10.40|RC 3.48","0.0","0.0","97.39"
"UA","LGA","YYZ","8227","20250529","600","20250529","740","YYZ","EWR","8656","20250604","835","20250604","1014","E","G","334.59","USD:AY 5.60|US 17.70|XA 3.71|XF 4.50|XY 7.00|YC 7.20|CA 12.20|SQ 26.80|ZP 10.40|RC 3.48","0.0","0.0","98.59"
"UA","LGA","YYZ","8229","20250529","725","20250529","907","YYZ","EWR","8664","20250604","1130","20250604","1303","E","G","334.59","USD:AY 5.60|US 17.70|XA 3.71|XF 4.50|XY 7.00|YC 7.20|CA 12.20|SQ 26.80|ZP 10.40|RC 3.48","0.0","0.0","98.59"
"AC","JFK","YYZ","8553","20250529","1030","20250529","1215","YYZ","LGA","8992","20250604","1655","20250604","1831","E","K","337.82","USD:AY 5.60|US 17.93|XA 3.71|XF 4.50|XY 7.00|YC 7.20|CA 12.20|SQ 26.80|ZP 10.40|RC 3.48","0.0","0.0","98.82"
"AC","LGA","YYZ","8991","20250529","1420","20250529","1602","YYZ","JFK","8554","20250604","1320","20250604","1500","E","K","337.82","USD:AY 5.60|US 17.93|XA 3.71|XF 4.50|XY 7.00|YC 7.20|CA 12.20|SQ 26.80|ZP 10.40|RC 3.48","0.0","0.0","98.82"
"UA","LGA","YYZ","8227","20250529","600","20250529","740","YYZ","LGA","8238","20250604","1925","20250604","2059","E","G","338.89","USD:AY 5.60|US 18.00|XA 3.71|XF 4.50|XY 7.00|YC 7.20|CA 12.20|SQ 26.80|ZP 10.40|RC 3.48","0.0","0.0","98.89"
"UA","EWR","YYZ","8430","20250529","1100","20250529","1246","YYZ","JFK","6608","20250604","755","20250604","939","E","G","344.27","USD:AY 5.60|US 18.38|XA 3.71|XF 4.50|XY 7.00|YC 7.20|CA 12.20|SQ 26.80|ZP 10.40|RC 3.48","0.0","0.0","99.27"
"AC","LGA","YYZ","8995","20250529","1910","20250529","2052","YYZ","EWR","4096","20250604","1500","20250604","1648","E","K","348.57","USD:AY 5.60|US 18.68|XA 3.71|XF 4.50|XY 7.00|YC 7.20|CA 12.20|SQ 26.80|ZP 10.40|RC 3.48","0.0","0.0","99.57"
"UA","LGA","YYZ","8024","20250529","2045","20250529","2227","YYZ","LGA","8232","20250604","1730","20250604","1905","E","K","391.57","USD:AY 5.60|US 21.68|XA 3.71|XF 4.50|XY 7.00|YC 7.20|CA 12.20|SQ 26.80|ZP 10.40|RC 3.48","0.0","0.0","102.57"
"UA","EWR","YYZ","8432","20250529","1630","20250529","1815","YYZ","JFK","6632","20250604","1320","20250604","1500","E","K","392.64","USD:AY 5.60|US 21.75|XA 3.71|XF 4.50|XY 7.00|YC 7.20|CA 12.20|SQ 26.80|ZP 10.40|RC 3.48","0.0","0.0","102.64"
"AC","LGA","YYZ","701","20250801","600","20250801","735","YYZ","LGA","716","20250815","1655","20250815","1830","E","G","263.64","USD:AY 5.60|US 12.75|XA 3.71|XF 4.50|XY 7.00|YC 7.20|CA 12.20|SQ 26.80|ZP 10.40|RC 3.48","0.0","0.0","93.64"
"AC","LGA","YYZ","705","20250801","835","20250801","1010","YYZ","EWR","4096","20250815","1500","20250815","1648","E","G","274.39","USD:AY 5.60|US 13.50|XA 3.71|XF 4.50|XY 7.00|YC 7.20|CA 12.20|SQ 26.80|ZP 10.40|RC 3.48","0.0","0.0","94.39"
"AC","EWR","YYZ","1391","20250801","630","20250801","820","YYZ","EWR","3880","20250815","2000","20250815","2148","E","G","285.14","USD:AY 5.60|US 14.25|XA 3.71|XF 4.50|XY 7.00|YC 7.20|CA 12.20|SQ 26.80|ZP 10.40|RC 3.48","0.0","0.0","95.14"
"UA","EWR","CMH","3641","20250523","900","20250523","1056","CMH","EWR","3675","20250525","1634","20250525","1830","E","H","751.97","USD:AY 11.20|US 50.33|XF 9.00|ZP 10.40","0.0","0.0","80.93"
"UA","EWR","SFO","1777","20250508","820","20250508","1140","SFO","EWR","742","20250513","600","20250513","1437","E","Q","762.97","USD:AY 11.20|US 51.10|XF 9.00|ZP 10.40","0.0","0.0","81.7"
"AC","LGA","YYZ","713","20250705","1550","20250705","1734","YYZ","LGA","702","20250707","750","20250707","923","E","G","263.64","USD:AY 5.60|US 12.75|XA 3.71|XF 4.50|XY 7.00|YC 7.20|CA 12.20|SQ 26.80|ZP 10.40|RC 3.48","0.0","0.0","93.64"
"PD","EWR","YTZ","2124","20250705","1000","20250705","1140","YTZ","EWR","2135","20250707","1400","20250707","1530","E","V","278.59","USD:AY 5.60|US 14.25|XA 3.71|XF 4.50|XY 7.00|YC 7.20|CA 12.20|SQ 21.00|ZP 10.40|RC 2.73","0.0","0.0","88.59"
"AC","LGA","YYZ","8983","20250705","725","20250705","904","YYZ","LGA","712","20250707","1325","20250707","1458","E","K","315.24","USD:AY 5.60|US 16.35|XA 3.71|XF 4.50|XY 7.00|YC 7.20|CA 12.20|SQ 26.80|ZP 10.40|RC 3.48","0.0","0.0","97.24"
"AC","LGA","YYZ","8983","20250705","725","20250705","904","YYZ","LGA","722","20250707","1915","20250707","2048","E","K","315.24","USD:AY 5.60|US 16.35|XA 3.71|XF 4.50|XY 7.00|YC 7.20|CA 12.20|SQ 26.80|ZP 10.40|RC 3.48","0.0","0.0","97.24"
"AC","EWR","YYZ","8883","20250705","1830","20250705","2019","YYZ","EWR","8880","20250707","1600","20250707","1737","E","G","328.14","USD:AY 5.60|US 17.25|XA 3.71|XF 4.50|XY 7.00|YC 7.20|CA 12.20|SQ 26.80|ZP 10.40|RC 3.48","0.0","0.0","98.14"
"DL","JFK","CDG","8740","20250628","1630","20250629","555","CDG","JFK","8745","20250712","1330","20250712","1545","B","I","4348.31","USD:AY 5.60|US 45.80|XA 3.71|XF 4.50|XY 7.00|YC 7.20|FR 25.30|O4 135.70|QX 38.50|YQ 30.00|YR 2050.00","30.0","2050.0","273.30999999999995"
"AF","JFK","CDG","5","20250628","1830","20250629","805","CDG","JFK","12","20250712","2030","20250712","2240","B","I","4400.31","USD:AY 5.60|US 45.80|XA 3.71|XF 4.50|XY 7.00|YC 7.20|FR 25.30|O4 135.70|QX 38.50|YQ 52.00|YR 2080.00","52.0","2080.0","273.30999999999995"
"AF","JFK","CDG","9087","20250628","2010","20250629","1000","CDG","JFK","9084","20250712","930","20250712","1150","B","D","9404.91","USD:AY 5.60|US 45.80|XA 3.71|XF 4.50|XY 7.00|YC 7.20|FR 25.30|O4 135.70|QX 38.10|YQ 52.00|YR 2080.00","52.0","2080.0","272.90999999999985"
"LY","EWR","TLV","26","20250921","2100","20250922","1425","TLV","EWR","27","20250925","30","20250925","515","E","H","1830.49","USD:AP 8.00|AY 5.60|US 45.80|XA 3.71|XF 4.50|XY 7.00|YC 7.20|IL 29.68","0.0","0.0","111.49"
"AA","JFK","BOS","4455","20250524","1830","20250524","1951","BOS","LGA","4439","20250526","600","20250526","733","E","Q","336.96","USD:AY 11.20|US 21.37|XF 9.00|ZP 10.40","0.0","0.0","51.97"
"UA","LGA","ORD","2199","20250702","1317","20250702","1455","ORD","LGA","1946","20250705","1600","20250705","1920","E","L","287.97","USD:AY 11.20|US 17.96|XF 9.00|ZP 10.40","0.0","0.0","48.56"
"AA","EWR","ORD","3374","20250702","1426","20250702","1600","ORD","JFK","1421","20250705","1636","20250705","2000","E","G","315.97","USD:AY 11.20|US 19.91|XF 9.00|ZP 10.40","0.0","0.0","50.51"
"AA","LGA","ORD","1168","20250702","915","20250702","1054","ORD","EWR","3374","20250705","1040","20250705","1359","E","V","591.97","USD:AY 11.20|US 39.17|XF 9.00|ZP 10.40","0.0","0.0","69.77"
"AF","EWR","CDG","63","20250829","1700","20250830","610","CDG","JFK","2","20250913","830","20250913","1030","E","T","880.81","USD:AY 5.60|US 45.80|XA 3.71|XF 4.50|XY 7.00|YC 7.20|FR 25.30|O4 45.20|QX 38.50|YQ 52.00|YR 420.00","52.0","420.0","182.80999999999995"
"HA","EWR","SFO","4902","20250529","1929","20250529","2301","SFO","JFK","6225","20250611","2311","20250612","759","E","U","286.6","USD:AY 11.20|US 17.86|XF 9.00|ZP 10.40","0.0","0.0","48.46"
"HA","EWR","SFO","4903","20250529","900","20250529","1233","SFO","JFK","6225","20250611","2311","20250612","759","E","U","296.6","USD:AY 11.20|US 18.56|XF 9.00|ZP 10.40","0.0","0.0","49.16"
"UA","EWR","SFO","1844","20250529","1700","20250529","2029","SFO","EWR","2248","20250611","1455","20250611","2337","E","G","406.97","USD:AY 11.20|US 26.26|XF 9.00|ZP 10.40","0.0","0.0","56.86"
"UA","EWR","SFO","1960","20250529","700","20250529","1010","SFO","EWR","2480","20250611","1305","20250611","2147","E","G","456.97","USD:AY 11.20|US 29.75|XF 9.00|ZP 10.40","0.0","0.0","60.35"
"AC","LGA","YYZ","715","20250521","1645","20250521","1825","YYZ","LGA","8994","20250524","1730","20250524","1905","E","T","315.24","USD:AY 5.60|US 16.35|XA 3.71|XF 4.50|XY 7.00|YC 7.20|CA 12.20|SQ 26.80|ZP 10.40|RC 3.48","0.0","0.0","97.24"
"KL","JFK","LHR","2501","20250604","1800","20250605","625","LHR","JFK","2508","20250702","1850","20250702","2129","E","V","825.31","USD:AY 5.60|US 45.80|XA 3.71|XF 4.50|XY 7.00|YC 7.20|GB 119.70|UB 68.80|YQ 52.00|YR 510.00","52.0","510.0","262.30999999999995"
"AF","JFK","LHR","9664","20250604","2100","20250605","915","LHR","JFK","9923","20250702","1650","20250702","1940","E","V","825.31","USD:AY 5.60|US 45.80|XA 3.71|XF 4.50|XY 7.00|YC 7.20|GB 119.70|UB 68.80|YQ 52.00|YR 510.00","52.0","510.0","262.30999999999995"
"BA","JFK","LHR","176","20250604","1930","20250605","745","LHR","JFK","113","20250702","1620","20250702","1925","E","O","866.31","USD:AY 5.60|US 45.80|XA 3.71|XF 4.50|XY 7.00|YC 7.20|GB 119.70|UB 68.80|YQ 525.00|YR 10.00","525.0","10.0","262.30999999999995"
"BA","JFK","LHR","1517","20250604","1930","20250605","745","LHR","JFK","113","20250702","1620","20250702","1925","E","O","866.31","USD:AY 5.60|US 45.80|XA 3.71|XF 4.50|XY 7.00|YC 7.20|GB 119.70|UB 68.80|YQ 525.00|YR 10.00","525.0","10.0","262.30999999999995"
"IB","JFK","LHR","4614","20250604","945","20250604","2140","LHR","JFK","3561","20250702","1000","20250702","1245","E","O","1294.31","USD:AY 5.60|US 45.80|XA 3.71|XF 4.50|XY 7.00|YC 7.20|GB 119.70|UB 68.80|YQ 493.00|YR 10.00","493.0","10.0","262.30999999999995"
"UA","EWR","LHR","146","20250901","2320","20250902","1125","LHR","EWR","883","20250913","800","20250913","1110","E","K","562.31","USD:AY 5.60|US 45.80|XA 3.71|XF 4.50|XY 7.00|YC 7.20|GB 119.70|UB 68.80|YQ 210.00","210.0","0.0","262.31"
"DL","JFK","LHR","1","20250901","2030","20250902","850","LHR","JFK","4","20250913","1605","20250913","1930","E","E","629.31","USD:AY 5.60|US 45.80|XA 3.71|XF 4.50|XY 7.00|YC 7.20|GB 119.70|UB 68.80|YQ 10.00|YR 260.00","10.0","260.0","262.30999999999995"
"B0","EWR","ORY","101","20250529","1900","20250530","840","ORY","EWR","104","20250612","1445","20250612","1715","B","W","4824.01","USD:AY 5.60|US 45.80|XA 3.71|XF 4.50|XY 7.00|YC 7.20|FR 25.30|O4 45.20|QX 34.70|YQ 1200.00","1200.0","0.0","179.01"
"BA","JFK","LHR","1511","20250508","1810","20250509","620","LHR","JFK","117","20250515","820","20250515","1105","E","O","651.31","USD:AY 5.60|US 45.80|XA 3.71|XF 4.50|XY 7.00|YC 7.20|GB 119.70|UB 68.80|YQ 320.00|YR 10.00","320.0","10.0","262.30999999999995"
"BA","JFK","LHR","114","20250508","2130","20250509","940","LHR","JFK","113","20250515","1620","20250515","1925","E","V","841.31","USD:AY 5.60|US 45.80|XA 3.71|XF 4.50|XY 7.00|YC 7.20|GB 119.70|UB 68.80|YQ 340.00|YR 10.00","340.0","10.0","262.30999999999995"
"UA","EWR","ORD","661","20250507","1655","20250507","1840","ORD","EWR","2649","20250514","1432","20250514","1800","E","H","656.97","USD:AY 11.20|US 43.70|XF 9.00|ZP 10.40","0.0","0.0","74.3"
"HA","EWR","SFO","4902","20250519","1929","20250519","2301","SFO","JFK","6839","20250525","1339","20250525","2229","E","U","396.59","USD:AY 11.20|US 25.53|XF 9.00|ZP 10.40","0.0","0.0","56.13"
"DL","JFK","LGW","62","20250615","2130","20250616","1000","LHR","JFK","5993","20250618","1255","20250618","1600","E","E","904.31","USD:AY 5.60|US 45.80|XA 3.71|XF 4.50|XY 7.00|YC 7.20|GB 119.70|UB 68.80|YQ 10.00|YR 480.00","10.0","480.0","262.30999999999995"
"DL","JFK","LHR","5992","20250615","2100","20250616","915","LHR","JFK","5989","20250618","1850","20250618","2129","E","E","904.31","USD:AY 5.60|US 45.80|XA 3.71|XF 4.50|XY 7.00|YC 7.20|GB 119.70|UB 68.80|YQ 10.00|YR 480.00","10.0","480.0","262.30999999999995"
"EI","JFK","LGW","8272","20250615","1945","20250616","750","LHR","JFK","8877","20250618","1320","20250618","1610","E","N","1253.31","USD:AY 5.60|US 45.80|XA 3.71|XF 4.50|XY 7.00|YC 7.20|GB 119.70|UB 68.80|YQ 500.00","500.0","0.0","262.30999999999995"
"AA","EWR","MIA","2933","20250521","1729","20250521","2035","MIA","JFK","642","20250523","1306","20250523","1606","E","O","271.96","USD:AY 11.20|US 16.84|XF 9.00|ZP 10.40","0.0","0.0","47.44"
"AA","EWR","MIA","2933","20250521","1729","20250521","2035","MIA","JFK","1357","20250523","1954","20250523","2259","E","O","271.96","USD:AY 11.20|US 16.84|XF 9.00|ZP 10.40","0.0","0.0","47.44"
"AC","LGA","YYZ","703","20250511","725","20250511","907","YYZ","LGA","8994","20250513","1730","20250513","1905","E","G","338.89","USD:AY 5.60|US 18.00|XA 3.71|XF 4.50|XY 7.00|YC 7.20|CA 12.20|SQ 26.80|ZP 10.40|RC 3.48","0.0","0.0","98.89"
"AC","LGA","YYZ","703","20250511","725","20250511","907","YYZ","EWR","1392","20250513","835","20250513","1013","E","G","376.52","USD:AY 5.60|US 20.63|XA 3.71|XF 4.50|XY 7.00|YC 7.20|CA 12.20|SQ 26.80|ZP 10.40|RC 3.48","0.0","0.0","101.52"
"AC","EWR","YYZ","8881","20250511","1630","20250511","1809","YYZ","JFK","8552","20250513","755","20250513","939","E","S","405.54","USD:AY 5.60|US 22.65|XA 3.71|XF 4.50|XY 7.00|YC 7.20|CA 12.20|SQ 26.80|ZP 10.40|RC 3.48","0.0","0.0","103.54"
"AC","EWR","YYZ","8879","20250511","1355","20250511","1538","YYZ","LGA","722","20250513","1915","20250513","2051","E","S","405.54","USD:AY 5.60|US 22.65|XA 3.71|XF 4.50|XY 7.00|YC 7.20|CA 12.20|SQ 26.80|ZP 10.40|RC 3.48","0.0","0.0","103.54"
"AC","EWR","YYZ","3672","20250511","2028","20250511","2223","YYZ","EWR","1398","20250513","2110","20250513","2248","E","L","414.14","USD:AY 5.60|US 23.25|XA 3.71|XF 4.50|XY 7.00|YC 7.20|CA 12.20|SQ 26.80|ZP 10.40|RC 3.48","0.0","0.0","104.14"
"AC","EWR","YYZ","3258","20250511","1655","20250511","1900","YYZ","EWR","3132","20250513","730","20250513","912","E","S","443.17","USD:AY 5.60|US 25.28|XA 3.71|XF 4.50|XY 7.00|YC 7.20|CA 12.20|SQ 26.80|ZP 10.40|RC 3.48","0.0","0.0","106.17"
"AC","LGA","YYZ","8999","20250511","2045","20250511","2227","YYZ","EWR","3712","20250513","1800","20250513","2000","E","Q","576.47","USD:AY 5.60|US 34.58|XA 3.71|XF 4.50|XY 7.00|YC 7.20|CA 12.20|SQ 26.80|ZP 10.40|RC 3.48","0.0","0.0","115.47"
"AC","LGA","YYZ","8999","20250511","2045","20250511","2227","YYZ","EWR","3132","20250513","730","20250513","912","E","Q","576.47","USD:AY 5.60|US 34.58|XA 3.71|XF 4.50|XY 7.00|YC 7.20|CA 12.20|SQ 26.80|ZP 10.40|RC 3.48","0.0","0.0","115.47"
"AC","LGA","YYZ","8993","20250511","1550","20250511","1732","YYZ","EWR","8878","20250513","1355","20250513","1534","E","H","608.72","USD:AY 5.60|US 36.83|XA 3.71|XF 4.50|XY 7.00|YC 7.20|CA 12.20|SQ 26.80|ZP 10.40|RC 3.48","0.0","0.0","117.72"
"UA","EWR","LAS","2359","20250513","2030","20250513","2324","LAS","EWR","526","20250515","1600","20250516","3","E","L","509.96","USD:AY 11.20|US 33.44|XF 9.00|ZP 10.40","0.0","0.0","64.04"
"NH","EWR","NRT","6453","20250608","1145","20250609","1430","HND","JFK","160","20250620","2245","20250620","2255","E","S","1759.11","USD:AY 5.60|US 45.80|XA 3.71|XF 4.50|XY 7.00|YC 7.20|SW 20.40|TK 6.90|YQ 396.00","396.0","0.0","101.11000000000001"
"UA","LGA","YYZ","8229","20250511","725","20250511","907","YYZ","EWR","8656","20250517","835","20250517","1013","E","G","376.52","USD:AY 5.60|US 20.63|XA 3.71|XF 4.50|XY 7.00|YC 7.20|CA 12.20|SQ 26.80|ZP 10.40|RC 3.48","0.0","0.0","101.52"
"UA","JFK","YYZ","6607","20250511","655","20250511","841","YYZ","EWR","8714","20250517","630","20250517","809","E","G","376.52","USD:AY 5.60|US 20.63|XA 3.71|XF 4.50|XY 7.00|YC 7.20|CA 12.20|SQ 26.80|ZP 10.40|RC 3.48","0.0","0.0","101.52"
"UA","EWR","YYZ","8505","20250511","630","20250511","816","YYZ","LGA","8406","20250517","1325","20250517","1459","E","L","451.77","USD:AY 5.60|US 25.88|XA 3.71|XF 4.50|XY 7.00|YC 7.20|CA 12.20|SQ 26.80|ZP 10.40|RC 3.48","0.0","0.0","106.77"
"TS","EWR","YTZ","7368","20250511","2100","20250511","2240","YTZ","EWR","7236","20250517","945","20250517","1115","E","Z","546.27","USD:AY 5.60|US 32.93|XA 3.71|XF 4.50|XY 7.00|YC 7.20|CA 12.20|SQ 21.00|ZP 10.40|RC 2.73","0.0","0.0","107.27"
"UA","LGA","YYZ","8229","20250518","725","20250518","907","YYZ","EWR","8714","20250524","630","20250524","809","E","G","333.52","USD:AY 5.60|US 17.63|XA 3.71|XF 4.50|XY 7.00|YC 7.20|CA 12.20|SQ 26.80|ZP 10.40|RC 3.48","0.0","0.0","98.52"
"UA","EWR","YYZ","8505","20250518","630","20250518","816","YYZ","JFK","6608","20250524","755","20250524","939","E","G","333.52","USD:AY 5.60|US 17.63|XA 3.71|XF 4.50|XY 7.00|YC 7.20|CA 12.20|SQ 26.80|ZP 10.40|RC 3.48","0.0","0.0","98.52"
"UA","LGA","YYZ","8469","20250518","830","20250518","1010","YYZ","JFK","6632","20250524","1320","20250524","1500","E","G","338.89","USD:AY 5.60|US 18.00|XA 3.71|XF 4.50|XY 7.00|YC 7.20|CA 12.20|SQ 26.80|ZP 10.40|RC 3.48","0.0","0.0","98.89"
"UA","LGA","YYZ","8024","20250518","2045","20250518","2227","YYZ","EWR","8714","20250524","630","20250524","809","E","U","619.47","USD:AY 5.60|US 37.58|XA 3.71|XF 4.50|XY 7.00|YC 7.20|CA 12.20|SQ 26.80|ZP 10.40|RC 3.48","0.0","0.0","118.47"
"UA","LGA","YYZ","8233","20250518","1645","20250518","1825","YYZ","EWR","8660","20250524","1355","20250524","1530","E","M","681.82","USD:AY 5.60|US 41.93|XA 3.71|XF 4.50|XY 7.00|YC 7.20|CA 12.20|SQ 26.80|ZP 10.40|RC 3.48","0.0","0.0","122.82"
"B6","JFK","LAX","223","20250530","659","20250530","1004","LAX","EWR","1574","20250531","2220","20250601","648","E","L","266.96","USD:AY 11.20|US 16.49|XF 9.00|ZP 10.40","0.0","0.0","47.09"
"B6","JFK","LAX","223","20250530","659","20250530","1004","LAX","JFK","724","20250531","755","20250531","1632","E","L","296.96","USD:AY 11.20|US 18.58|XF 9.00|ZP 10.40","0.0","0.0","49.18"
"PD","EWR","YTZ","2130","20250810","1315","20250810","1455","YTZ","EWR","2135","20250815","1400","20250815","1530","E","W","332.34","USD:AY 5.60|US 18.00|XA 3.71|XF 4.50|XY 7.00|YC 7.20|CA 12.20|SQ 21.00|ZP 10.40|RC 2.73","0.0","0.0","92.34"
"PD","EWR","YTZ","2124","20250810","1000","20250810","1140","YTZ","EWR","2125","20250815","745","20250815","915","E","W","332.34","USD:AY 5.60|US 18.00|XA 3.71|XF 4.50|XY 7.00|YC 7.20|CA 12.20|SQ 21.00|ZP 10.40|RC 2.73","0.0","0.0","92.34"
"PD","EWR","YTZ","2144","20250810","2100","20250810","2240","YYZ","LGA","607","20250815","1925","20250815","2105","E","S","458.22","USD:AY 5.60|US 26.33|XA 3.71|XF 4.50|XY 7.00|YC 7.20|CA 12.20|SQ 26.80|ZP 10.40|RC 3.48","0.0","0.0","107.22"
"UA","EWR","LAS","1548","20250523","1645","20250523","1915","LAS","EWR","526","20250526","1545","20250526","2349","E","S","787.97","USD:AY 11.20|US 52.84|XF 9.00|ZP 10.40","0.0","0.0","83.44"
"KL","JFK","LHR","2501","20250505","1800","20250506","625","LHR","JFK","2504","20250510","1255","20250510","1600","E","V","645.31","USD:AY 5.60|US 45.80|XA 3.71|XF 4.50|XY 7.00|YC 7.20|GB 119.70|UB 68.80|YQ 52.00|YR 330.00","52.0","330.0","262.30999999999995"
"BA","JFK","LHR","1511","20250505","1810","20250506","620","LHR","JFK","113","20250510","1620","20250510","1925","E","L","930.31","USD:AY 5.60|US 45.80|XA 3.71|XF 4.50|XY 7.00|YC 7.20|GB 119.70|UB 68.80|YQ 320.00|YR 10.00","320.0","10.0","262.30999999999995"
"UA","EWR","SFO","1960","20250515","700","20250515","1022","SFO","EWR","2482","20250516","2250","20250517","720","E","S","628.97","USD:AY 11.20|US 41.75|XF 9.00|ZP 10.40","0.0","0.0","72.35"
"HA","EWR","SFO","4902","20250515","1929","20250515","2301","SFO","JFK","6986","20250516","2311","20250517","759","E","U","667.6","USD:AY 11.20|US 44.44|XF 9.00|ZP 10.40","0.0","0.0","75.04"
"UA","EWR","SFO","1475","20250515","1035","20250515","1409","SFO","EWR","2480","20250516","1315","20250516","2144","E","S","692.96","USD:AY 11.20|US 46.21|XF 9.00|ZP 10.40","0.0","0.0","76.81"
"UA","EWR","SFO","1227","20250515","1330","20250515","1649","SFO","EWR","2209","20250516","1135","20250516","2005","E","W","756.96","USD:AY 11.20|US 50.68|XF 9.00|ZP 10.40","0.0","0.0","81.28"
"UA","EWR","SFO","548","20250515","1645","20250515","2002","SFO","EWR","2259","20250516","1040","20250516","1930","E","W","816.96","USD:AY 11.20|US 54.86|XF 9.00|ZP 10.40","0.0","0.0","85.46"
"UA","EWR","SFO","448","20250515","1800","20250515","2141","SFO","EWR","2482","20250516","2250","20250517","720","E","H","822.96","USD:AY 11.20|US 55.28|XF 9.00|ZP 10.40","0.0","0.0","85.88"
"AZ","JFK","FCO","611","20250725","2110","20250726","1150","FCO","JFK","610","20250811","1510","20250811","1855","E","O","971.51","USD:AY 5.60|US 45.80|XA 3.71|XF 4.50|XY 7.00|YC 7.20|EX 2.40|HB 9.00|IT 28.10|MJ 1.40|VT 3.80|YQ 410.00","410.0","0.0","118.50999999999999"
"AC","LGA","YUL","8631","20250618","705","20250618","837","YUL","LGA","8634","20250622","805","20250622","932","E","G","328.94","USD:AY 5.60|US 17.10|XA 3.71|XF 4.50|XY 7.00|YC 7.20|CA 12.20|SQ 28.90|ZP 10.40|XG 1.45|XQ 2.88","0.0","0.0","100.94"
"UA","LGA","ORD","1611","20250523","2030","20250523","2209","ORD","LGA","1946","20250525","1600","20250525","1920","E","S","414.96","USD:AY 11.20|US 26.82|XF 9.00|ZP 10.40","0.0","0.0","57.42"
"UA","EWR","ORD","546","20250523","2030","20250523","2212","ORD","LGA","2451","20250525","700","20250525","1018","E","V","426.96","USD:AY 11.20|US 27.65|XF 9.00|ZP 10.40","0.0","0.0","58.25"
"UA","EWR","ORD","1832","20250523","1318","20250523","1455","ORD","LGA","2092","20250525","800","20250525","1118","E","H","494.97","USD:AY 11.20|US 32.40|XF 9.00|ZP 10.40","0.0","0.0","63.0"
"AA","LGA","ORD","2764","20250523","919","20250523","1057","ORD","LGA","2826","20250525","1600","20250525","1911","E","M","500.97","USD:AY 11.20|US 32.82|XF 9.00|ZP 10.40","0.0","0.0","63.42"
"UA","EWR","ORD","2100","20250523","800","20250523","939","ORD","LGA","1006","20250525","1800","20250525","2120","E","Q","504.97","USD:AY 11.20|US 33.10|XF 9.00|ZP 10.40","0.0","0.0","63.7"
"AA","LGA","ORD","1166","20250523","1429","20250523","1605","ORD","EWR","3794","20250525","1347","20250525","1659","E","L","508.96","USD:AY 11.20|US 33.37|XF 9.00|ZP 10.40","0.0","0.0","63.97"
"UA","LGA","ORD","2199","20250523","1317","20250523","1455","ORD","EWR","2133","20250525","1600","20250525","1934","E","V","517.96","USD:AY 11.20|US 34.00|XF 9.00|ZP 10.40","0.0","0.0","64.6"
"UA","EWR","ORD","1875","20250523","1135","20250523","1312","ORD","LGA","1006","20250525","1800","20250525","2120","E","H","524.96","USD:AY 11.20|US 34.49|XF 9.00|ZP 10.40","0.0","0.0","65.09"
"UA","EWR","ORD","1832","20250523","1318","20250523","1455","ORD","LGA","1006","20250525","1800","20250525","2120","E","H","524.96","USD:AY 11.20|US 34.49|XF 9.00|ZP 10.40","0.0","0.0","65.09"
"AA","LGA","ORD","2644","20250523","1255","20250523","1430","ORD","JFK","532","20250525","1145","20250525","1458","E","K","574.96","USD:AY 11.20|US 37.98|XF 9.00|ZP 10.40","0.0","0.0","68.58"
"UA","EWR","BNA","1428","20250601","630","20250601","750","BNA","EWR","2091","20250604","700","20250604","1016","E","G","196.97","USD:AY 11.20|US 11.61|XF 9.00|ZP 10.40","0.0","0.0","42.21"
"UA","EWR","BNA","1428","20250601","630","20250601","750","BNA","EWR","1331","20250604","1412","20250604","1730","E","G","196.97","USD:AY 11.20|US 11.61|XF 9.00|ZP 10.40","0.0","0.0","42.21"
"AA","LGA","BNA","4423","20250601","1730","20250601","1857","BNA","LGA","4606","20250604","1930","20250604","2254","E","N","321.97","USD:AY 11.20|US 20.33|XF 9.00|ZP 10.40","0.0","0.0","50.93"
"AA","LGA","ORD","2644","20250520","1255","20250520","1430","ORD","LGA","2088","20250523","1712","20250523","2019","E","O","282.97","USD:AY 11.20|US 17.61|XF 9.00|ZP 10.40","0.0","0.0","48.21"
"UA","LGA","ORD","352","20250520","1835","20250520","2016","ORD","LGA","758","20250523","1708","20250523","2028","E","G","282.97","USD:AY 11.20|US 17.61|XF 9.00|ZP 10.40","0.0","0.0","48.21"
"UA","EWR","ORD","2337","20250520","900","20250520","1045","ORD","LGA","1045","20250523","1500","20250523","1820","E","K","292.96","USD:AY 11.20|US 18.30|XF 9.00|ZP 10.40","0.0","0.0","48.9"
"UA","LGA","ORD","1656","20250520","725","20250520","906","ORD","LGA","2488","20250523","1200","20250523","1520","E","G","346.96","USD:AY 11.20|US 22.07|XF 9.00|ZP 10.40","0.0","0.0","52.67"
"UA","LGA","ORD","1032","20250520","1517","20250520","1658","ORD","EWR","563","20250523","710","20250523","1028","E","G","376.97","USD:AY 11.20|US 24.17|XF 9.00|ZP 10.40","0.0","0.0","54.77"
"UA","LGA","ORD","2199","20250520","1315","20250520","1455","ORD","EWR","2133","20250523","1600","20250523","1934","E","G","376.97","USD:AY 11.20|US 24.17|XF 9.00|ZP 10.40","0.0","0.0","54.77"
"UA","EWR","ORD","1875","20250520","1134","20250520","1315","ORD","LGA","2603","20250523","855","20250523","1215","E","T","385.96","USD:AY 11.20|US 24.79|XF 9.00|ZP 10.40","0.0","0.0","55.39"
"UA","JFK","YYZ","6607","20250612","655","20250612","841","YYZ","LGA","8406","20250615","1325","20250615","1459","E","G","263.64","USD:AY 5.60|US 12.75|XA 3.71|XF 4.50|XY 7.00|YC 7.20|CA 12.20|SQ 26.80|ZP 10.40|RC 3.48","0.0","0.0","93.64"
"UA","LGA","YYZ","8229","20250612","715","20250612","857","YYZ","JFK","6608","20250615","755","20250615","939","E","G","263.64","USD:AY 5.60|US 12.75|XA 3.71|XF 4.50|XY 7.00|YC 7.20|CA 12.20|SQ 26.80|ZP 10.40|RC 3.48","0.0","0.0","93.64"
"UA","EWR","YYZ","8505","20250612","635","20250612","818","YYZ","EWR","8714","20250615","630","20250615","808","E","G","274.39","USD:AY 5.60|US 13.50|XA 3.71|XF 4.50|XY 7.00|YC 7.20|CA 12.20|SQ 26.80|ZP 10.40|RC 3.48","0.0","0.0","94.39"
"BA","JFK","LHR","1511","20250622","1810","20250623","620","LHR","JFK","179","20250716","1805","20250716","2100","E","O","801.31","USD:AY 5.60|US 45.80|XA 3.71|XF 4.50|XY 7.00|YC 7.20|GB 119.70|UB 68.80|YQ 500.00|YR 10.00","500.0","10.0","262.30999999999995"
"BA","JFK","LHR","116","20250622","2005","20250623","815","LHR","JFK","115","20250716","1440","20250716","1735","E","O","801.31","USD:AY 5.60|US 45.80|XA 3.71|XF 4.50|XY 7.00|YC 7.20|GB 119.70|UB 68.80|YQ 500.00|YR 10.00","500.0","10.0","262.30999999999995"
"KL","JFK","LHR","2507","20250622","2325","20250623","1125","LHR","JFK","2508","20250716","1850","20250716","2129","E","V","825.31","USD:AY 5.60|US 45.80|XA 3.71|XF 4.50|XY 7.00|YC 7.20|GB 119.70|UB 68.80|YQ 52.00|YR 510.00","52.0","510.0","262.30999999999995"
"BA","JFK","LHR","174","20250622","1845","20250623","650","LHR","JFK","179","20250716","1805","20250716","2100","E","Q","866.31","USD:AY 5.60|US 45.80|XA 3.71|XF 4.50|XY 7.00|YC 7.20|GB 119.70|UB 68.80|YQ 525.00|YR 10.00","525.0","10.0","262.30999999999995"
"IB","JFK","LHR","3560","20250622","1845","20250623","650","LHR","JFK","4613","20250716","1905","20250716","2200","E","Q","1050.31","USD:AY 5.60|US 45.80|XA 3.71|XF 4.50|XY 7.00|YC 7.20|GB 119.70|UB 68.80|YQ 509.00|YR 10.00","509.0","10.0","262.30999999999995"
"VS","JFK","LHR","10","20250525","1900","20250526","715","LHR","JFK","4007","20250604","1055","20250604","1355","E","T","692.31","USD:AY 5.60|US 45.80|XA 3.71|XF 4.50|XY 7.00|YC 7.20|GB 119.70|UB 68.80|YQ 350.00|YR 10.00","350.0","10.0","262.30999999999995"
"DL","JFK","LHR","1","20250525","2025","20250526","850","LHR","JFK","2","20250604","1055","20250604","1355","E","E","692.31","USD:AY 5.60|US 45.80|XA 3.71|XF 4.50|XY 7.00|YC 7.20|GB 119.70|UB 68.80|YQ 10.00|YR 350.00","10.0","350.0","262.30999999999995"
"DL","JFK","LHR","5992","20250525","2100","20250526","915","LHR","JFK","5993","20250604","1255","20250604","1600","E","E","692.31","USD:AY 5.60|US 45.80|XA 3.71|XF 4.50|XY 7.00|YC 7.20|GB 119.70|UB 68.80|YQ 10.00|YR 350.00","10.0","350.0","262.30999999999995"
"UA","EWR","LHR","16","20250525","1815","20250526","645","LHR","EWR","17","20250604","1200","20250604","1515","E","L","748.31","USD:AY 5.60|US 45.80|XA 3.71|XF 4.50|XY 7.00|YC 7.20|GB 119.70|UB 68.80|YQ 290.00","290.0","0.0","262.30999999999995"
"UA","EWR","LHR","904","20250614","2050","20250615","920","LHR","EWR","883","20250629","800","20250629","1105","E","L","823.31","USD:AY 5.60|US 45.80|XA 3.71|XF 4.50|XY 7.00|YC 7.20|GB 119.70|UB 68.80|YQ 370.00","370.0","0.0","262.30999999999995"
"KL","JFK","LHR","6101","20250614","2020","20250615","850","LHR","JFK","2506","20250629","2010","20250629","2300","E","V","825.31","USD:AY 5.60|US 45.80|XA 3.71|XF 4.50|XY 7.00|YC 7.20|GB 119.70|UB 68.80|YQ 52.00|YR 510.00","52.0","510.0","262.30999999999995"
"AF","JFK","LHR","9664","20250614","2100","20250615","915","LHR","JFK","6758","20250629","1255","20250629","1600","E","V","825.31","USD:AY 5.60|US 45.80|XA 3.71|XF 4.50|XY 7.00|YC 7.20|GB 119.70|UB 68.80|YQ 52.00|YR 510.00","52.0","510.0","262.30999999999995"
"BA","JFK","LHR","114","20250614","2130","20250615","940","LHR","JFK","175","20250629","1000","20250629","1245","E","Q","930.31","USD:AY 5.60|US 45.80|XA 3.71|XF 4.50|XY 7.00|YC 7.20|GB 119.70|UB 68.80|YQ 550.00|YR 10.00","550.0","10.0","262.30999999999995"
"UA","EWR","LHR","110","20250614","1725","20250615","555","LHR","EWR","905","20250629","930","20250629","1245","E","L","1023.31","USD:AY 5.60|US 45.80|XA 3.71|XF 4.50|XY 7.00|YC 7.20|GB 119.70|UB 68.80|YQ 370.00","370.0","0.0","262.30999999999995"
"LH","EWR","LHR","7768","20250614","1725","20250615","555","LHR","EWR","7629","20250629","1600","20250629","1920","E","L","1048.31","USD:AY 5.60|US 45.80|XA 3.71|XF 4.50|XY 7.00|YC 7.20|GB 119.70|UB 68.80|YQ 370.00|YR 25.00","370.0","25.0","262.30999999999995"
"DL","LGA","MCO","2520","20250523","1545","20250523","1843","MCO","JFK","1511","20250525","1959","20250525","2255","E","E","286.97","USD:AY 11.20|US 17.89|XF 9.00|ZP 10.40","0.0","0.0","48.49"
"KL","JFK","BCN","6185","20250602","1605","20250603","600","BCN","JFK","6050","20250616","1410","20250616","1705","E","V","1179.81","USD:AY 5.60|US 45.80|XA 3.71|XF 4.50|XY 7.00|YC 7.20|JD 18.10|OG 0.70|QV 4.20|YQ 52.00|YR 560.00","52.0","560.0","96.80999999999995"
"JL","JFK","HND","3","20250611","140","20250612","440","HND","JFK","7010","20250623","1745","20250623","1810","E","O","1880.71","USD:AY 5.60|US 45.80|XA 3.71|XF 4.50|XY 7.00|YC 7.20|SW 20.40|TK 6.90|YQ 399.60","399.6","0.0","101.10999999999996"
"DL","JFK","MIA","1428","20250607","1955","20250607","2319","MIA","LGA","834","20250611","1955","20250611","2306","E","E","146.96","USD:AY 11.20|US 8.12|XF 9.00|ZP 10.40","0.0","0.0","38.72"
"AA","JFK","MIA","2017","20250607","600","20250607","904","MIA","EWR","2008","20250611","2122","20250612","29","E","O","226.96","USD:AY 11.20|US 13.70|XF 9.00|ZP 10.40","0.0","0.0","44.3"
"AA","LGA","MIA","2850","20250607","1125","20250607","1433","MIA","JFK","2026","20250611","1619","20250611","1922","E","Q","261.96","USD:AY 11.20|US 16.14|XF 9.00|ZP 10.40","0.0","0.0","46.74"
"UA","EWR","LAS","446","20250513","1037","20250513","1329","LAS","EWR","1995","20250523","2230","20250524","624","E","L","433.96","USD:AY 11.20|US 28.14|XF 9.00|ZP 10.40","0.0","0.0","58.74"
"UA","EWR","SFO","548","20250520","1645","20250520","2002","SFO","EWR","2856","20250525","710","20250525","1559","E","S","472.96","USD:AY 11.20|US 30.86|XF 9.00|ZP 10.40","0.0","0.0","61.46"
"UA","EWR","SFO","548","20250520","1645","20250520","2002","SFO","EWR","2626","20250525","1620","20250526","102","E","S","582.97","USD:AY 11.20|US 38.54|XF 9.00|ZP 10.40","0.0","0.0","69.14"
"AA","EWR","SFO","7453","20250520","1929","20250520","2301","SFO","EWR","7562","20250525","2215","20250526","652","E","V","676.61","USD:AY 11.20|US 45.07|XF 9.00|ZP 10.40","0.0","0.0","75.67"
"UA","EWR","IAD","1340","20250506","1305","20250506","1428","IAD","EWR","3444","20250508","1235","20250508","1413","E","V","549.96","USD:AY 11.20|US 36.23|XF 9.00|ZP 10.40","0.0","0.0","66.83"
"UA","EWR","ATL","2699","20250801","1942","20250801","2213","ATL","EWR","631","20250804","1215","20250804","1437","E","K","301.96","USD:AY 11.20|US 18.93|XF 9.00|ZP 10.40","0.0","0.0","49.53"
"AC","EWR","YYZ","8879","20250507","1355","20250507","1538","YYZ","EWR","1390","20250604","630","20250604","808","B","D","918.32","USD:AY 5.60|US 58.43|XA 3.71|XF 4.50|XY 7.00|YC 7.20|CA 12.20|SQ 26.80|ZP 10.40|RC 3.48","0.0","0.0","139.32"
"UA","EWR","LAS","323","20250627","1159","20250627","1424","LAS","EWR","2496","20250702","1359","20250702","2159","E","H","646.96","USD:AY 11.20|US 43.00|XF 9.00|ZP 10.40","0.0","0.0","73.6"
"UA","EWR","IAH","1590","20250606","1415","20250606","1700","IAH","LGA","2659","20250608","1832","20250608","2315","E","W","470.96","USD:AY 11.20|US 30.72|XF 9.00|ZP 10.40","0.0","0.0","61.32"
"UA","LGA","IAH","691","20250606","730","20250606","1017","IAH","EWR","2606","20250608","951","20250608","1429","E","K","491.97","USD:AY 11.20|US 32.19|XF 9.00|ZP 10.40","0.0","0.0","62.79"
"UA","LGA","IAH","1654","20250606","1247","20250606","1534","IAH","LGA","1032","20250608","805","20250608","1243","E","K","541.97","USD:AY 11.20|US 35.68|XF 9.00|ZP 10.40","0.0","0.0","66.28"
"UA","LGA","IAH","691","20250606","730","20250606","1017","IAH","EWR","2722","20250608","1155","20250608","1641","E","K","541.97","USD:AY 11.20|US 35.68|XF 9.00|ZP 10.40","0.0","0.0","66.28"
"JL","JFK","HND","3","20250708","140","20250709","440","HND","JFK","4","20250720","1830","20250720","1830","E","S","2050.71","USD:AY 5.60|US 45.80|XA 3.71|XF 4.50|XY 7.00|YC 7.20|SW 20.40|TK 6.90|YQ 399.60","399.6","0.0","101.10999999999996"
"UA","EWR","LAS","446","20250629","1029","20250629","1257","LAS","EWR","679","20250702","2205","20250703","559","E","K","350.96","USD:AY 11.20|US 22.35|XF 9.00|ZP 10.40","0.0","0.0","52.95"
"UA","EWR","LAS","446","20250629","1029","20250629","1257","LAS","EWR","526","20250702","1540","20250702","2347","E","K","350.96","USD:AY 11.20|US 22.35|XF 9.00|ZP 10.40","0.0","0.0","52.95"
"UA","LGA","IAH","2670","20250524","600","20250524","847","IAH","EWR","1646","20250528","1643","20250528","2129","E","L","461.97","USD:AY 11.20|US 30.10|XF 9.00|ZP 10.40","0.0","0.0","60.7"
"UA","LGA","IAH","2670","20250524","600","20250524","847","IAH","EWR","1499","20250528","1200","20250528","1646","E","L","531.97","USD:AY 11.20|US 34.98|XF 9.00|ZP 10.40","0.0","0.0","65.58"
"DL","LGA","MCO","2842","20250801","1929","20250801","2233","MCO","LGA","1523","20250809","705","20250809","951","E","E","212.96","USD:AY 11.20|US 12.72|XF 9.00|ZP 10.40","0.0","0.0","43.32"
"EI","JFK","LHR","8876","20250519","1930","20250520","745","LGW","JFK","8273","20250528","1505","20250528","1805","E","K","1476.61","USD:AY 5.60|US 45.80|XA 3.71|XF 4.50|XY 7.00|YC 7.20|GB 119.70|UB 27.10|YQ 365.00","365.0","0.0","220.61"
"EI","JFK","LHR","8814","20250519","2130","20250520","940","LHR","JFK","8879","20250528","1805","20250528","2100","E","K","1518.31","USD:AY 5.60|US 45.80|XA 3.71|XF 4.50|XY 7.00|YC 7.20|GB 119.70|UB 68.80|YQ 365.00","365.0","0.0","262.30999999999995"
"DL","JFK","LAX","742","20250810","700","20250810","950","LAX","JFK","991","20250816","1515","20250816","2358","E","E","556.96","USD:AY 11.20|US 36.72|XF 9.00|ZP 10.40","0.0","0.0","67.32"
"UA","EWR","BOS","1864","20250508","1138","20250508","1258","BOS","EWR","1733","20250512","1107","20250512","1229","E","U","622.97","USD:AY 11.20|US 41.33|XF 9.00|ZP 10.40","0.0","0.0","71.93"
"VS","JFK","LHR","46","20250519","2100","20250520","915","LHR","JFK","137","20250528","1850","20250528","2129","E","T","611.31","USD:AY 5.60|US 45.80|XA 3.71|XF 4.50|XY 7.00|YC 7.20|GB 119.70|UB 68.80|YQ 200.00|YR 10.00","200.0","10.0","262.31"
"VS","JFK","LHR","10","20250519","1900","20250520","715","LHR","JFK","47","20250528","1545","20250528","1850","E","T","611.31","USD:AY 5.60|US 45.80|XA 3.71|XF 4.50|XY 7.00|YC 7.20|GB 119.70|UB 68.80|YQ 200.00|YR 10.00","200.0","10.0","262.31"
"BA","JFK","LHR","176","20250519","1930","20250520","745","LHR","JFK","179","20250528","1805","20250528","2100","E","Q","717.31","USD:AY 5.60|US 45.80|XA 3.71|XF 4.50|XY 7.00|YC 7.20|GB 119.70|UB 68.80|YQ 379.00|YR 10.00","379.0","10.0","262.30999999999995"
"KL","JFK","LHR","2505","20250519","810","20250519","2000","LHR","JFK","2510","20250528","1650","20250528","1940","E","R","759.31","USD:AY 5.60|US 45.80|XA 3.71|XF 4.50|XY 7.00|YC 7.20|GB 119.70|UB 68.80|YQ 52.00|YR 315.00","52.0","315.0","262.30999999999995"
"IB","JFK","LHR","3540","20250519","1830","20250520","630","LHR","JFK","3563","20250528","1320","20250528","1610","E","O","1250.31","USD:AY 5.60|US 45.80|XA 3.71|XF 4.50|XY 7.00|YC 7.20|GB 119.70|UB 68.80|YQ 374.00|YR 10.00","374.0","10.0","262.30999999999995"
"IB","JFK","LHR","3562","20250519","1930","20250520","745","LHR","JFK","3563","20250528","1320","20250528","1610","E","K","1935.31","USD:AY 5.60|US 45.80|XA 3.71|XF 4.50|XY 7.00|YC 7.20|GB 119.70|UB 68.80|YQ 410.00|YR 10.00","410.0","10.0","262.30999999999995"
"HA","EWR","SFO","4902","20250528","1929","20250528","2301","SFO","EWR","6977","20250601","612","20250601","1459","E","U","376.6","USD:AY 11.20|US 24.14|XF 9.00|ZP 10.40","0.0","0.0","54.74"
"UA","EWR","SFO","1707","20250528","1800","20250528","2140","SFO","EWR","2248","20250601","1455","20250601","2337","E","L","641.96","USD:AY 11.20|US 42.65|XF 9.00|ZP 10.40","0.0","0.0","73.25"
"UA","EWR","SFO","1227","20250528","1330","20250528","1625","SFO","EWR","2856","20250601","710","20250601","1559","E","L","641.96","USD:AY 11.20|US 42.65|XF 9.00|ZP 10.40","0.0","0.0","73.25"
"KE","JFK","ICN","86","20250604","50","20250605","450","ICN","JFK","81","20250608","1000","20250608","1110","E","L","2282.81","USD:AY 5.60|US 45.80|XA 3.71|XF 4.50|XY 7.00|YC 7.20|BP 17.20|YQ 1.80|YR 510.00","1.8","510.0","91.00999999999999"
"AA","LGA","DFW","1375","20250507","1500","20250507","1800","DFW","LGA","1043","20250510","941","20250510","1402","E","K","886.97","USD:AY 11.20|US 59.75|XF 9.00|ZP 10.40","0.0","0.0","90.35"
"AA","LGA","MIA","2039","20250603","1130","20250603","1441","MIA","EWR","1801","20250607","835","20250607","1139","E","O","291.96","USD:AY 11.20|US 18.23|XF 9.00|ZP 10.40","0.0","0.0","48.83"
"UA","EWR","LAS","2001","20250605","2012","20250605","2245","LAS","EWR","1909","20250608","959","20250608","1803","E","S","1046.97","USD:AY 11.20|US 70.91|XF 9.00|ZP 10.40","0.0","0.0","101.51"
"UA","EWR","LAS","2689","20250605","1835","20250605","2108","LAS","EWR","1298","20250608","1256","20250608","2100","E","V","1167.96","USD:AY 11.20|US 79.35|XF 9.00|ZP 10.40","0.0","0.0","109.95"
"UA","EWR","LAS","1800","20250605","630","20250605","857","LAS","EWR","1995","20250608","2220","20250609","614","E","M","1693.97","USD:AY 11.20|US 116.05|XF 9.00|ZP 10.40","0.0","0.0","146.65"
"AA","JFK","LAS","1073","20250605","800","20250605","1030","LAS","JFK","1051","20250608","1130","20250608","1940","E","H","2427.97","USD:AY 11.20|US 167.26|XF 9.00|ZP 10.40","0.0","0.0","197.86"
"AY","JFK","LHR","5476","20250603","1930","20250604","745","LHR","JFK","5513","20250613","1620","20250613","1925","E","O","938.31","USD:AY 5.60|US 45.80|XA 3.71|XF 4.50|XY 7.00|YC 7.20|GB 119.70|UB 68.80|YQ 30.00|YR 445.00","30.0","445.0","262.30999999999995"
"LH","EWR","LHR","7630","20250603","2140","20250604","1010","LHR","EWR","7633","20250613","930","20250613","1245","E","L","973.31","USD:AY 5.60|US 45.80|XA 3.71|XF 4.50|XY 7.00|YC 7.20|GB 119.70|UB 68.80|YQ 290.00|YR 25.00","290.0","25.0","262.30999999999995"
"OS","EWR","LHR","7796","20250603","1815","20250604","645","LHR","EWR","7799","20250613","1800","20250613","2120","E","L","973.31","USD:AY 5.60|US 45.80|XA 3.71|XF 4.50|XY 7.00|YC 7.20|GB 119.70|UB 68.80|YQ 290.00|YR 25.00","290.0","25.0","262.30999999999995"
"AY","JFK","LHR","4036","20250603","945","20250603","2140","LHR","JFK","5515","20250613","1440","20250613","1735","E","O","1163.31","USD:AY 5.60|US 45.80|XA 3.71|XF 4.50|XY 7.00|YC 7.20|GB 119.70|UB 68.80|YQ 30.00|YR 445.00","30.0","445.0","262.30999999999995"
"AY","JFK","LHR","5516","20250603","2005","20250604","815","LHR","JFK","5477","20250613","1320","20250613","1610","E","M","1613.31","USD:AY 5.60|US 45.80|XA 3.71|XF 4.50|XY 7.00|YC 7.20|GB 119.70|UB 68.80|YQ 30.00|YR 470.00","30.0","470.0","262.30999999999995"
"AY","JFK","LHR","5514","20250603","2130","20250604","940","LHR","JFK","5477","20250613","1320","20250613","1610","E","L","1643.31","USD:AY 5.60|US 45.80|XA 3.71|XF 4.50|XY 7.00|YC 7.20|GB 119.70|UB 68.80|YQ 30.00|YR 470.00","30.0","470.0","262.30999999999995"
"AS","JFK","LHR","5264","20250603","2310","20250604","1115","LHR","JFK","5255","20250613","825","20250613","1110","E","M","1852.31","USD:AY 5.60|US 45.80|XA 3.71|XF 4.50|XY 7.00|YC 7.20|GB 119.70|UB 68.80","0.0","0.0","262.31"
"SN","EWR","LHR","9051","20250603","830","20250603","2040","LHR","EWR","9054","20250613","930","20250613","1245","E","B","3972.31","USD:AY 5.60|US 45.80|XA 3.71|XF 4.50|XY 7.00|YC 7.20|GB 119.70|UB 68.80|YQ 370.00|YR 25.00","370.0","25.0","262.30999999999995"
"SN","EWR","LHR","9041","20250603","2305","20250604","1125","LHR","EWR","9056","20250613","1600","20250613","1920","E","B","3972.31","USD:AY 5.60|US 45.80|XA 3.71|XF 4.50|XY 7.00|YC 7.20|GB 119.70|UB 68.80|YQ 370.00|YR 25.00","370.0","25.0","262.30999999999995"
"UA","LGA","ORD","2009","20250511","1425","20250511","1606","ORD","LGA","1946","20250517","1600","20250517","1915","E","S","362.96","USD:AY 11.20|US 23.19|XF 9.00|ZP 10.40","0.0","0.0","53.79"
"UA","LGA","ORD","352","20250511","1835","20250511","2016","ORD","EWR","534","20250517","1834","20250517","2200","E","Q","418.98","USD:AY 11.20|US 27.10|XF 9.00|ZP 10.40","0.0","0.0","57.7"
"UA","LGA","ORD","352","20250511","1835","20250511","2016","ORD","LGA","1576","20250517","2000","20250517","2318","E","Q","418.98","USD:AY 11.20|US 27.10|XF 9.00|ZP 10.40","0.0","0.0","57.7"
"UA","EWR","ORD","1316","20250511","700","20250511","840","ORD","EWR","1209","20250517","2145","20250518","58","E","H","442.97","USD:AY 11.20|US 28.77|XF 9.00|ZP 10.40","0.0","0.0","59.37"
"UA","LGA","ORD","352","20250511","1835","20250511","2016","ORD","EWR","782","20250517","845","20250517","1202","E","Q","473.97","USD:AY 11.20|US 30.93|XF 9.00|ZP 10.40","0.0","0.0","61.53"
"UA","EWR","ORD","1308","20250511","2150","20250511","2339","ORD","LGA","2306","20250517","1400","20250517","1715","E","Q","477.97","USD:AY 11.20|US 31.21|XF 9.00|ZP 10.40","0.0","0.0","61.81"
"UA","EWR","ORD","2337","20250511","900","20250511","1045","ORD","LGA","1657","20250517","700","20250517","1011","E","Q","477.97","USD:AY 11.20|US 31.21|XF 9.00|ZP 10.40","0.0","0.0","61.81"
"UA","EWR","ORD","1308","20250511","2150","20250511","2339","ORD","LGA","2200","20250517","800","20250517","1116","E","Q","506.96","USD:AY 11.20|US 33.23|XF 9.00|ZP 10.40","0.0","0.0","63.83"
"HA","EWR","SFO","4902","20250821","1818","20250821","2131","SFO","EWR","6978","20250823","2217","20250824","659","E","U","386.6","USD:AY 11.20|US 24.84|XF 9.00|ZP 10.40","0.0","0.0","55.44"
"UA","EWR","SFO","648","20250821","1035","20250821","1354","SFO","EWR","2480","20250823","1305","20250823","2148","E","T","691.96","USD:AY 11.20|US 46.14|XF 9.00|ZP 10.40","0.0","0.0","76.74"
"UA","EWR","SFO","1343","20250821","1125","20250821","1436","SFO","EWR","730","20250823","2115","20250824","539","E","L","701.97","USD:AY 11.20|US 46.84|XF 9.00|ZP 10.40","0.0","0.0","77.44"
"BA","JFK","LHR","176","20250524","1930","20250525","745","LHR","JFK","117","20250530","825","20250530","1110","B","I","3387.91","USD:AY 5.60|US 45.80|XA 3.71|XF 4.50|XY 7.00|YC 7.20|GB 287.30|UB 68.80|YQ 2050.00|YR 30.00","2050.0","30.0","429.90999999999985"
"BA","JFK","LGW","2272","20250524","2005","20250525","810","LHR","JFK","1516","20250530","945","20250530","1240","B","I","3387.91","USD:AY 5.60|US 45.80|XA 3.71|XF 4.50|XY 7.00|YC 7.20|GB 287.30|UB 68.80|YQ 2050.00|YR 30.00","2050.0","30.0","429.90999999999985"
"IB","JFK","LHR","4614","20250524","945","20250524","2140","LHR","JFK","3563","20250530","1320","20250530","1610","B","R","4762.91","USD:AY 5.60|US 45.80|XA 3.71|XF 4.50|XY 7.00|YC 7.20|GB 287.30|UB 68.80|YQ 2050.00|YR 30.00","2050.0","30.0","429.90999999999985"
"AA","EWR","PHX","1282","20250718","651","20250718","902","PHX","EWR","2156","20250722","2151","20250723","535","E","N","426.96","USD:AY 11.20|US 27.65|XF 9.00|ZP 10.40","0.0","0.0","58.25"
"UA","EWR","LAX","2191","20250526","1415","20250526","1709","LAX","EWR","1950","20250529","1215","20250529","2054","E","V","591.97","USD:AY 11.20|US 39.17|XF 9.00|ZP 10.40","0.0","0.0","69.77"
"AA","LGA","MIA","3211","20250529","915","20250529","1232","MIA","LGA","2271","20250602","1804","20250602","2100","E","Q","287.97","USD:AY 11.20|US 17.96|XF 9.00|ZP 10.40","0.0","0.0","48.56"
"AA","LGA","MIA","1530","20250529","600","20250529","910","MIA","JFK","1357","20250602","1954","20250602","2259","E","O","311.96","USD:AY 11.20|US 19.63|XF 9.00|ZP 10.40","0.0","0.0","50.23"
"AA","EWR","MIA","1196","20250529","604","20250529","920","MIA","JFK","1922","20250602","1802","20250602","2102","E","O","311.96","USD:AY 11.20|US 19.63|XF 9.00|ZP 10.40","0.0","0.0","50.23"
"AA","LGA","MIA","2039","20250529","1130","20250529","1441","MIA","LGA","3205","20250602","706","20250602","1001","E","Q","327.97","USD:AY 11.20|US 20.75|XF 9.00|ZP 10.40","0.0","0.0","51.35"
"AA","LGA","MIA","1937","20250529","1040","20250529","1349","MIA","LGA","3205","20250602","706","20250602","1001","E","Q","327.97","USD:AY 11.20|US 20.75|XF 9.00|ZP 10.40","0.0","0.0","51.35"
"AA","LGA","MIA","1751","20250529","1659","20250529","2010","MIA","LGA","605","20250602","930","20250602","1227","E","Q","327.97","USD:AY 11.20|US 20.75|XF 9.00|ZP 10.40","0.0","0.0","51.35"
"AA","JFK","MIA","1174","20250529","1830","20250529","2142","MIA","EWR","1801","20250602","855","20250602","1159","E","G","392.96","USD:AY 11.20|US 25.28|XF 9.00|ZP 10.40","0.0","0.0","55.88"
"AA","LGA","ORD","392","20250510","659","20250510","845","ORD","EWR","3374","20250511","1013","20250511","1330","E","L","534.97","USD:AY 11.20|US 35.19|XF 9.00|ZP 10.40","0.0","0.0","65.79"
"AA","EWR","ORD","3374","20250510","1400","20250510","1540","ORD","LGA","2629","20250511","1211","20250511","1517","E","L","564.97","USD:AY 11.20|US 37.28|XF 9.00|ZP 10.40","0.0","0.0","67.88"
"AA","JFK","ORD","532","20250510","1555","20250510","1734","ORD","EWR","3794","20250511","1347","20250511","1659","E","L","744.97","USD:AY 11.20|US 49.84|XF 9.00|ZP 10.40","0.0","0.0","80.44"
"EI","JFK","LHR","8814","20250619","2130","20250620","940","LHR","EWR","8889","20250628","1635","20250628","1925","E","L","1897.31","USD:AY 5.60|US 45.80|XA 3.71|XF 4.50|XY 7.00|YC 7.20|GB 119.70|UB 68.80|YQ 570.00","570.0","0.0","262.30999999999995"
"AA","JFK","LAX","302","20250517","1800","20250517","2117","LAX","JFK","2","20250525","700","20250525","1528","E","G","492.97","USD:AY 11.20|US 32.26|XF 9.00|ZP 10.40","0.0","0.0","62.86"
"AZ","JFK","FCO","609","20250608","1605","20250609","620","FCO","JFK","602","20250617","935","20250617","1315","E","O","719.51","USD:AY 5.60|US 45.80|XA 3.71|XF 4.50|XY 7.00|YC 7.20|EX 2.40|HB 9.00|IT 28.10|MJ 1.40|VT 3.80|YQ 410.00","410.0","0.0","118.50999999999999"
"BA","JFK","LHR","1517","20251127","2035","20251128","835","LHR","JFK","115","20251130","1410","20251130","1720","E","O","708.31","USD:AY 5.60|US 45.80|XA 3.71|XF 4.50|XY 7.00|YC 7.20|GB 119.70|UB 68.80|YQ 370.00|YR 10.00","370.0","10.0","262.30999999999995"
"IB","JFK","LHR","4614","20251127","1015","20251127","2210","LHR","JFK","3563","20251130","1255","20251130","1600","E","O","866.31","USD:AY 5.60|US 45.80|XA 3.71|XF 4.50|XY 7.00|YC 7.20|GB 119.70|UB 68.80|YQ 365.00|YR 10.00","365.0","10.0","262.30999999999995"
"IB","JFK","LHR","3566","20251127","2320","20251128","1115","LHR","JFK","3563","20251130","1255","20251130","1600","E","O","866.31","USD:AY 5.60|US 45.80|XA 3.71|XF 4.50|XY 7.00|YC 7.20|GB 119.70|UB 68.80|YQ 365.00|YR 10.00","365.0","10.0","262.30999999999995"
"EI","JFK","LHR","8872","20251127","2040","20251128","840","LHR","EWR","8889","20251130","1625","20251130","1935","E","O","888.31","USD:AY 5.60|US 45.80|XA 3.71|XF 4.50|XY 7.00|YC 7.20|GB 119.70|UB 68.80|YQ 385.00","385.0","0.0","262.30999999999995"
"IB","EWR","LHR","3570","20251127","2135","20251128","925","LHR","JFK","4221","20251130","1535","20251130","1840","E","O","1067.31","USD:AY 5.60|US 45.80|XA 3.71|XF 4.50|XY 7.00|YC 7.20|GB 119.70|UB 68.80|YQ 370.00|YR 10.00","370.0","10.0","262.30999999999995"
"AS","JFK","LHR","5258","20251127","1845","20251128","645","LHR","JFK","5295","20251130","1255","20251130","1600","E","O","1543.31","USD:AY 5.60|US 45.80|XA 3.71|XF 4.50|XY 7.00|YC 7.20|GB 119.70|UB 68.80","0.0","0.0","262.31"
"UA","EWR","ATL","1287","20250510","2111","20250510","2346","ATL","EWR","538","20250512","1107","20250512","1329","E","S","501.97","USD:AY 11.20|US 32.89|XF 9.00|ZP 10.40","0.0","0.0","63.49"
"DL","JFK","LAX","738","20250615","1510","20250615","1827","LAX","JFK","951","20250623","1110","20250623","1950","E","U","648.96","USD:AY 11.20|US 43.14|XF 9.00|ZP 10.40","0.0","0.0","73.74"
"UA","EWR","NRT","79","20250522","1145","20250523","1430","HND","EWR","130","20250525","1745","20250525","1750","E","V","2342.11","USD:AY 5.60|US 45.80|XA 3.71|XF 4.50|XY 7.00|YC 7.20|SW 20.40|TK 6.90|YQ 380.00","380.0","0.0","101.11000000000001"
"AC","LGA","YYZ","705","20250508","830","20250508","1010","YYZ","EWR","4096","20250511","1500","20250511","1650","E","T","428.12","USD:AY 5.60|US 24.23|XA 3.71|XF 4.50|XY 7.00|YC 7.20|CA 12.20|SQ 26.80|ZP 10.40|RC 3.48","0.0","0.0","105.12"
"TS","EWR","YTZ","7129","20250508","1505","20250508","1645","YTZ","EWR","7134","20250511","1250","20250511","1420","E","W","466.72","USD:AY 5.60|US 27.38|XA 3.71|XF 4.50|XY 7.00|YC 7.20|CA 12.20|SQ 21.00|ZP 10.40|RC 2.73","0.0","0.0","101.72"
"AC","LGA","YYZ","703","20250524","725","20250524","907","YYZ","EWR","8884","20250623","2110","20250623","2247","E","G","231.39","USD:AY 5.60|US 10.50|XA 3.71|XF 4.50|XY 7.00|YC 7.20|CA 12.20|SQ 26.80|ZP 10.40|RC 3.48","0.0","0.0","91.39"
"AC","EWR","YYZ","3672","20250524","2021","20250524","2223","YYZ","EWR","8884","20250623","2110","20250623","2247","E","G","242.14","USD:AY 5.60|US 11.25|XA 3.71|XF 4.50|XY 7.00|YC 7.20|CA 12.20|SQ 26.80|ZP 10.40|RC 3.48","0.0","0.0","92.14"
"TS","LGA","YYZ","7212","20250524","1730","20250524","1910","YYZ","LGA","7207","20250623","715","20250623","855","E","Q","256.12","USD:AY 5.60|US 12.23|XA 3.71|XF 4.50|XY 7.00|YC 7.20|CA 12.20|SQ 26.80|ZP 10.40|RC 3.48","0.0","0.0","93.12"
"TS","EWR","YTZ","7124","20250524","1000","20250524","1140","YTZ","EWR","7360","20250623","745","20250623","915","E","O","287.19","USD:AY 5.60|US 14.85|XA 3.71|XF 4.50|XY 7.00|YC 7.20|CA 12.20|SQ 21.00|ZP 10.40|RC 2.73","0.0","0.0","89.19"
"UA","EWR","YYZ","3557","20250524","1704","20250524","1900","YYZ","EWR","3705","20250623","1500","20250623","1648","E","G","301.27","USD:AY 5.60|US 15.38|XA 3.71|XF 4.50|XY 7.00|YC 7.20|CA 12.20|SQ 26.80|ZP 10.40|RC 3.48","0.0","0.0","96.27"
"AC","LGA","YYZ","715","20250524","1645","20250524","1825","YYZ","LGA","8540","20250623","750","20250623","923","E","K","315.24","USD:AY 5.60|US 16.35|XA 3.71|XF 4.50|XY 7.00|YC 7.20|CA 12.20|SQ 26.80|ZP 10.40|RC 3.48","0.0","0.0","97.24"
"AC","LGA","YYZ","715","20250524","1645","20250524","1825","YYZ","LGA","704","20250623","920","20250623","1053","E","K","315.24","USD:AY 5.60|US 16.35|XA 3.71|XF 4.50|XY 7.00|YC 7.20|CA 12.20|SQ 26.80|ZP 10.40|RC 3.48","0.0","0.0","97.24"
"AC","LGA","YYZ","8995","20250524","1910","20250524","2052","YYZ","JFK","8556","20250623","2055","20250623","2249","E","K","315.24","USD:AY 5.60|US 16.35|XA 3.71|XF 4.50|XY 7.00|YC 7.20|CA 12.20|SQ 26.80|ZP 10.40|RC 3.48","0.0","0.0","97.24"
"AC","JFK","YYZ","8551","20250524","655","20250524","841","YYZ","EWR","8878","20250623","1355","20250623","1532","E","K","320.62","USD:AY 5.60|US 16.73|XA 3.71|XF 4.50|XY 7.00|YC 7.20|CA 12.20|SQ 26.80|ZP 10.40|RC 3.48","0.0","0.0","97.62"
"AC","EWR","YYZ","8883","20250524","1830","20250524","2017","YYZ","JFK","8552","20250623","755","20250623","945","E","K","320.62","USD:AY 5.60|US 16.73|XA 3.71|XF 4.50|XY 7.00|YC 7.20|CA 12.20|SQ 26.80|ZP 10.40|RC 3.48","0.0","0.0","97.62"
"AC","LGA","YYZ","8999","20250524","2045","20250524","2227","YYZ","EWR","3570","20250623","2000","20250623","2148","E","K","320.62","USD:AY 5.60|US 16.73|XA 3.71|XF 4.50|XY 7.00|YC 7.20|CA 12.20|SQ 26.80|ZP 10.40|RC 3.48","0.0","0.0","97.62"
"AC","EWR","YYZ","8879","20250524","1355","20250524","1538","YYZ","EWR","3570","20250623","2000","20250623","2148","E","K","325.99","USD:AY 5.60|US 17.10|XA 3.71|XF 4.50|XY 7.00|YC 7.20|CA 12.20|SQ 26.80|ZP 10.40|RC 3.48","0.0","0.0","97.99"
"UA","EWR","YYZ","3702","20250524","737","20250524","919","YYZ","LGA","8542","20250623","750","20250623","923","E","L","335.67","USD:AY 5.60|US 17.78|XA 3.71|XF 4.50|XY 7.00|YC 7.20|CA 12.20|SQ 26.80|ZP 10.40|RC 3.48","0.0","0.0","98.67"
"UA","JFK","YYZ","6607","20250524","655","20250524","841","YYZ","JFK","6632","20250623","1325","20250623","1515","E","T","355.02","USD:AY 5.60|US 19.13|XA 3.71|XF 4.50|XY 7.00|YC 7.20|CA 12.20|SQ 26.80|ZP 10.40|RC 3.48","0.0","0.0","100.02"
"UA","LGA","YYZ","8233","20250524","1645","20250524","1825","YYZ","LGA","8146","20250623","2100","20250623","2233","E","T","355.02","USD:AY 5.60|US 19.13|XA 3.71|XF 4.50|XY 7.00|YC 7.20|CA 12.20|SQ 26.80|ZP 10.40|RC 3.48","0.0","0.0","100.02"
"UA","LGA","YYZ","8469","20250524","830","20250524","1010","YYZ","EWR","3648","20250623","1045","20250623","1223","E","T","360.39","USD:AY 5.60|US 19.50|XA 3.71|XF 4.50|XY 7.00|YC 7.20|CA 12.20|SQ 26.80|ZP 10.40|RC 3.48","0.0","0.0","100.39"
"AC","LGA","YYZ","8993","20250524","1550","20250524","1732","YYZ","EWR","3283","20250623","1045","20250623","1223","E","K","395.87","USD:AY 5.60|US 21.98|XA 3.71|XF 4.50|XY 7.00|YC 7.20|CA 12.20|SQ 26.80|ZP 10.40|RC 3.48","0.0","0.0","102.87"
"AC","LGA","YYZ","715","20250524","1645","20250524","1825","YYZ","EWR","8884","20250623","2110","20250623","2247","E","K","395.87","USD:AY 5.60|US 21.98|XA 3.71|XF 4.50|XY 7.00|YC 7.20|CA 12.20|SQ 26.80|ZP 10.40|RC 3.48","0.0","0.0","102.87"
"AC","LGA","YYZ","701","20250524","600","20250524","740","YYZ","EWR","3570","20250623","2000","20250623","2148","E","K","395.87","USD:AY 5.60|US 21.98|XA 3.71|XF 4.50|XY 7.00|YC 7.20|CA 12.20|SQ 26.80|ZP 10.40|RC 3.48","0.0","0.0","102.87"
"AC","LGA","YYZ","709","20250524","1140","20250524","1320","YYZ","EWR","3712","20250623","1800","20250623","1948","E","K","395.87","USD:AY 5.60|US 21.98|XA 3.71|XF 4.50|XY 7.00|YC 7.20|CA 12.20|SQ 26.80|ZP 10.40|RC 3.48","0.0","0.0","102.87"
"AC","EWR","YYZ","1391","20250524","630","20250524","816","YYZ","EWR","8878","20250623","1355","20250623","1532","E","K","401.24","USD:AY 5.60|US 22.35|XA 3.71|XF 4.50|XY 7.00|YC 7.20|CA 12.20|SQ 26.80|ZP 10.40|RC 3.48","0.0","0.0","103.24"
"UA","JFK","YYZ","6607","20250524","655","20250524","841","YYZ","LGA","8422","20250623","1420","20250623","1553","E","T","407.69","USD:AY 5.60|US 22.80|XA 3.71|XF 4.50|XY 7.00|YC 7.20|CA 12.20|SQ 26.80|ZP 10.40|RC 3.48","0.0","0.0","103.69"
"UA","EWR","YYZ","8505","20250524","630","20250524","816","YYZ","EWR","3648","20250623","1045","20250623","1223","E","L","416.29","USD:AY 5.60|US 23.40|XA 3.71|XF 4.50|XY 7.00|YC 7.20|CA 12.20|SQ 26.80|ZP 10.40|RC 3.48","0.0","0.0","104.29"
"UA","JFK","YYZ","6607","20250524","655","20250524","841","YYZ","JFK","6632","20250623","1325","20250623","1515","E","T","430.27","USD:AY 5.60|US 24.38|XA 3.71|XF 4.50|XY 7.00|YC 7.20|CA 12.20|SQ 26.80|ZP 10.40|RC 3.48","0.0","0.0","105.27"
"UA","JFK","YYZ","6633","20250524","1030","20250524","1215","YYZ","EWR","8656","20250623","830","20250623","1007","E","Q","506.59","USD:AY 5.60|US 29.70|XA 3.71|XF 4.50|XY 7.00|YC 7.20|CA 12.20|SQ 26.80|ZP 10.40|RC 3.48","0.0","0.0","110.59"
"AC","JFK","YYZ","8553","20250524","1030","20250524","1215","YYZ","JFK","8552","20250623","755","20250623","945","E","Q","651.72","USD:AY 5.60|US 39.83|XA 3.71|XF 4.50|XY 7.00|YC 7.20|CA 12.20|SQ 26.80|ZP 10.40|RC 3.48","0.0","0.0","120.72"
"UA","EWR","MCO","2668","20250524","1555","20250524","1851","MCO","EWR","2120","20250525","950","20250525","1228","E","T","468.96","USD:AY 11.20|US 30.58|XF 9.00|ZP 10.40","0.0","0.0","61.18"
"IB","JFK","LHR","4218","20250810","1810","20250811","620","LHR","JFK","4219","20250814","945","20250814","1240","E","O","866.31","USD:AY 5.60|US 45.80|XA 3.71|XF 4.50|XY 7.00|YC 7.20|GB 119.70|UB 68.80|YQ 365.00|YR 10.00","365.0","10.0","262.30999999999995"
"IB","JFK","LHR","3564","20250810","750","20250810","1945","LHR","JFK","3541","20250814","1620","20250814","1925","E","Q","896.31","USD:AY 5.60|US 45.80|XA 3.71|XF 4.50|XY 7.00|YC 7.20|GB 119.70|UB 68.80|YQ 365.00|YR 10.00","365.0","10.0","262.30999999999995"
